"","SPECIES","TAXONNAME","COMMONNAME","GENUS","FAMILY","COMMONFAMILYALL","TROPHIC","TROPHIC_MONREP"
"1","ZEVE","Zebrasoma veliferum","Sailfin tang","Zebrasoma","Acanthuridae","Surgeonfish","H","PRIMARY"
"2","SCPS","Scarus psittacus","Common parrotfish","Scarus","Scaridae","Parrotfish","H","PRIMARY"
"3","ACAC","Acanthurus achilles","Achilles tang","Acanthurus","Acanthuridae","Surgeonfish","H","PRIMARY"
"4","ACNR","Acanthurus nigroris","Bluelined surgeonfish","Acanthurus","Acanthuridae","Surgeonfish","H","PRIMARY"
"5","CHSL","Chlorurus spilurus","Daisy parrotfish","Chlorurus","Scaridae","Parrotfish","H","PRIMARY"
"6","CHCI","Chaetodon citrinellus","Speckled butterflyfish","Chaetodon","Chaetodontidae","Butterflyfish","Cor","SECONDARY"
"7","NALI","Naso lituratus","Orangespine unicornfish","Naso","Acanthuridae","Surgeonfish","H","PRIMARY"
"8","CAME","Caranx melampygus","Bluefin trevally","Caranx","Carangidae","Jack","Pisc","PISCIVORE"
"9","GOVA","Gomphosus varius","Bird wrasse","Gomphosus","Labridae","Wrasse","MI","SECONDARY"
"10","PAMU","Parupeneus multifasciatus","Manybar goatfish","Parupeneus","Mullidae","Goatfish","MI","SECONDARY"
"11","PLJO","Plectroglyphidodon johnstonianus","Johnston Island damsel","Plectroglyphidodon","Pomacentridae","Damselfish","Cor","SECONDARY"
"12","CHUN","Chaetodon unimaculatus","Teardrop butterflyfish","Chaetodon","Chaetodontidae","Butterflyfish","Cor","SECONDARY"
"13","CTST","Ctenochaetus strigosus","Spotted surgeonfish","Ctenochaetus","Acanthuridae","Surgeonfish","H","PRIMARY"
"14","EPIN","Epibulus insidiator","Slingjaw wrasse","Epibulus","Labridae","Wrasse","MI","SECONDARY"
"15","CHTR","Chaetodon trifascialis","Chevron butterflyfish","Chaetodon","Chaetodontidae","Butterflyfish","Cor","SECONDARY"
"16","THDU","Thalassoma duperrey","Saddle wrasse","Thalassoma","Labridae","Wrasse","MI","SECONDARY"
"17","PEAS","Pervagor aspricaudus","Orangetail filefish","Pervagor","Monacanthidae","Filefish","Om","SECONDARY"
"18","ACOL","Acanthurus olivaceus","Orangespot surgeonfish","Acanthurus","Acanthuridae","Surgeonfish","H","PRIMARY"
"19","CHAU","Chaetodon auriga","Threadfin butterflyfish","Chaetodon","Chaetodontidae","Butterflyfish","SI","SECONDARY"
"20","FOFL","Forcipiger flavissimus","Longnose butterfly fish","Forcipiger","Chaetodontidae","Butterflyfish","SI","SECONDARY"
"21","ACTR","Acanthurus triostegus","Convict surgeonfish","Acanthurus","Acanthuridae","Surgeonfish","H","PRIMARY"
"22","ZEFL","Zebrasoma flavescens","Yellow tang","Zebrasoma","Acanthuridae","Surgeonfish","H","PRIMARY"
"23","STBA","Stethojulis balteata","Belted wrasse","Stethojulis","Labridae","Wrasse","MI","SECONDARY"
"24","ACNF","Acanthurus nigrofuscus","Brown surgeonfish","Acanthurus","Acanthuridae","Surgeonfish","H","PRIMARY"
"25","PAPL","Parupeneus pleurostigma","Sidespot goatfish","Parupeneus","Mullidae","Goatfish","MI","SECONDARY"
"26","OSWH","Ostracion whitleyi","Whitley's box","Ostracion","Ostraciidae","Boxfish","SI","SECONDARY"
"27","CHLT","Chaetodon lunulatus","Oval butterflyfish","Chaetodon","Chaetodontidae","Butterflyfish","Cor","SECONDARY"
"28","CAOR","Carangoides orthogrammus","Island trevally","Carangoides","Carangidae","Jack","Pisc","PISCIVORE"
"29","CHMU","Chaetodon multicinctus","Pebbled butterflyfish","Chaetodon","Chaetodontidae","Butterflyfish","Cor","SECONDARY"
"30","CELO","Centropyge loricula","Flame angel","Centropyge","Pomacanthidae","Angelfish","H","PRIMARY"
"31","MENI","Melichthys niger","Black triggerfish","Melichthys","Balistidae","Triggerfish","Pk","PLANKTIVORE"
"32","OXUN","Oxycheilinus unifasciatus","Ringtail maori wrasse","Oxycheilinus","Labridae","Wrasse","Pisc","PISCIVORE"
"33","ACBL","Acanthurus blochii","Ringtail surgeonfish","Acanthurus","Acanthuridae","Surgeonfish","H","PRIMARY"
"34","APFU","Aphareus furca","Small toothed jobfish","Aphareus","Lutjanidae","Snapper","Pisc","PISCIVORE"
"35","SUBU","Sufflamen bursa","Boomerang triggerfish","Sufflamen","Balistidae","Triggerfish","MI","SECONDARY"
"36","CHAG","Chromis agilis","Agile chromis","Chromis","Pomacentridae","Damselfish","Pk","PLANKTIVORE"
"37","ALSC","Aluterus scriptus","Scrawled filefish","Aluterus","Monacanthidae","Filefish","Om","SECONDARY"
"38","CHQU","Chaetodon quadrimaculatus","Fourspot butterflyfish","Chaetodon","Chaetodontidae","Butterflyfish","Cor","SECONDARY"
"39","CHPE","Chlorurus perspicillatus","Spectacled parrotfish","Chlorurus","Scaridae","Parrotfish","H","PRIMARY"
"40","CHUB","Kyphosus sp","UNKNOWN","Kyphosus","Kyphosidae","Chub","H","PRIMARY"
"41","HETH","Hemitaurichthys thompsoni","Thompson's butterflyfish","Hemitaurichthys","Chaetodontidae","Butterflyfish","Pk","PLANKTIVORE"
"42","THQU","Thalassoma quinquevittatum","Fivestripe wrasse","Thalassoma","Labridae","Wrasse","MI","SECONDARY"
"43","DAAL","Dascyllus albisella","Hawaiian dascyllus","Dascyllus","Pomacentridae","Damselfish","Pk","PLANKTIVORE"
"44","CEPO","Centropyge potteri","Russet angelfish","Centropyge","Pomacanthidae","Angelfish","H","PRIMARY"
"45","NEMA","Nemateleotris magnifica","Fire goby","Nemateleotris","Microdesmidae","Dartfish","Pk","PLANKTIVORE"
"46","SUFR","Sufflamen fraenatum","Masked triggerfish","Sufflamen","Balistidae","Triggerfish","MI","SECONDARY"
"47","MYBE","Myripristis berndti","Blotcheye soldierfish","Myripristis","Holocentridae","Soldierfish","Pk","PLANKTIVORE"
"48","PAIN","Parupeneus insularis","Twosaddle goatfish","Parupeneus","Mullidae","Goatfish","MI","SECONDARY"
"49","CTHA","Ctenochaetus hawaiiensis","Chevron tang","Ctenochaetus","Acanthuridae","Surgeonfish","H","PRIMARY"
"50","THLU","Thalassoma lutescens","Yellow-brown wrasse","Thalassoma","Labridae","Wrasse","MI","SECONDARY"
"51","LAPH","Labroides phthirophagus","Hawaiian cleaner wrasse","Labroides","Labridae","Wrasse","MI","SECONDARY"
"52","PSOC","Pseudocheilinus octotaenia","Eight-lined wrasse","Pseudocheilinus","Labridae","Wrasse","MI","SECONDARY"
"53","BOAL","Bodianus albotaeniatus","Hawaiian Hogfish","Bodianus","Labridae","Wrasse","MI","SECONDARY"
"54","ZACO","Zanclus cornutus","Moorish idol","Zanclus","Zanclidae","Moorish idol","SI","SECONDARY"
"55","PLIM","Plectroglyphidodon imparipennis","Brighteye damselfish","Plectroglyphidodon","Pomacentridae","Damselfish","MI","SECONDARY"
"56","HAOR","Halichoeres ornatissimus","Ornamented wrasse","Halichoeres","Labridae","Wrasse","MI","SECONDARY"
"57","CHAC","Chromis acares","Midget chromis","Chromis","Pomacentridae","Damselfish","Pk","PLANKTIVORE"
"58","MEVI","Melichthys vidua","Pinktail triggerfish","Melichthys","Balistidae","Triggerfish","H","PRIMARY"
"59","AUCH","Aulostomus chinensis","Chinese trumpetfish","Aulostomus","Aulostomidae","Trumpetfish","Pisc","PISCIVORE"
"60","MUVA","Mulloidichthys vanicolensis","Yellowfin goatfish","Mulloidichthys","Mullidae","Goatfish","MI","SECONDARY"
"61","SCRU","Scarus rubroviolaceus","Ember parrotfish","Scarus","Scaridae","Parrotfish","H","PRIMARY"
"62","CHVE","Chromis verater","Threespot chromis","Chromis","Pomacentridae","Damselfish","Pk","PLANKTIVORE"
"63","COGA","Coris gaimard","Yellowtail coris","Coris","Labridae","Wrasse","MI","SECONDARY"
"64","SASP","Sargocentron spiniferum","Sabre squirrelfish","Sargocentron","Holocentridae","Soldierfish","MI","SECONDARY"
"65","PACY","Parupeneus cyclostomus","Goldsaddle goatfish","Parupeneus","Mullidae","Goatfish","Pisc","PISCIVORE"
"66","MYAM","Myripristis amaena","Brick soldierfish","Myripristis","Holocentridae","Soldierfish","Pk","PLANKTIVORE"
"67","CAJA","Canthigaster jactator","Hawaiian whitespotted toby","Canthigaster","Tetraodontidae","Pufferfish","H","PRIMARY"
"68","PSCE","Pseudojuloides cerasinus","Smalltail wrasse","Pseudojuloides","Labridae","Wrasse","MI","SECONDARY"
"69","PSEV","Pseudocheilinus evanidus","Striated wrasse","Pseudocheilinus","Labridae","Wrasse","MI","SECONDARY"
"70","PAFO","Paracirrhites forsteri","Blackside hawkfish","Paracirrhites","Cirrhitidae","Hawkfish","Pisc","PISCIVORE"
"71","MUFL","Mulloidichthys flavolineatus","Yellowstripe goatfish","Mulloidichthys","Mullidae","Goatfish","MI","SECONDARY"
"72","CAAB","Carcharhinus amblyrhynchos","Grey reef shark","Carcharhinus","Carcharhinidae","Requiem","Pisc","PISCIVORE"
"73","SCDU","Scarus dubius","Regal parrot","Scarus","Scaridae","Parrotfish","H","PRIMARY"
"74","NESA","Neoniphon sammara","Sammara squirrelfish","Neoniphon","Holocentridae","Soldierfish","MI","SECONDARY"
"75","SATI","Sargocentron tiere","Blue lined squirrelfish","Sargocentron","Holocentridae","Soldierfish","MI","SECONDARY"
"76","APVI","Aprion virescens","Green jobfish","Aprion","Lutjanidae","Snapper","Pisc","PISCIVORE"
"77","THBA","Thalassoma ballieui","Blacktail wrasse","Thalassoma","Labridae","Wrasse","MI","SECONDARY"
"78","FICO","Fistularia commersonii","Bluespotted cornetfish","Fistularia","Fistulariidae","Cornetfish","Pisc","PISCIVORE"
"79","SECR","Selar crumenophthalmus","Bigeye scad","Selar","Carangidae","Jack","Pk","PLANKTIVORE"
"80","CASA","Cantherhines sandwichiensis","Sandwich isle file","Cantherhines","Monacanthidae","Filefish","H","PRIMARY"
"81","CHEP","Chaetodon ephippium","Saddle butterflyfish","Chaetodon","Chaetodontidae","Butterflyfish","MI","SECONDARY"
"82","OSME","Ostracion meleagris","Whitespotted boxfish","Ostracion","Ostraciidae","Boxfish","SI","SECONDARY"
"83","GYME","Gymnothorax meleagris","Turkey moray","Gymnothorax","Muraenidae","Moray","Pisc","PISCIVORE"
"84","WRAS","Labridae","UNKNOWN","UNKNOWN","Labridae","Wrasse","MI","SECONDARY"
"85","CADU","Cantherhines dumerilii","Whitespotted filefish","Cantherhines","Monacanthidae","Filefish","Om","SECONDARY"
"86","MAGE","Macropharyngodon geoffroy","Geoffroy's wrasse","Macropharyngodon","Labridae","Wrasse","MI","SECONDARY"
"87","NOTA","Novaculichthys taeniourus","Rockmover wrasse","Novaculichthys","Labridae","Wrasse","MI","SECONDARY"
"88","GOBI","Gobiidae","UNKNOWN","UNKNOWN","Gobiidae","Goby","MI","SECONDARY"
"89","THTR","Thalassoma trilobatum","Christmas wrasse","Thalassoma","Labridae","Wrasse","MI","SECONDARY"
"90","CALU","Caranx lugubris","Black jack","Caranx","Carangidae","Jack","Pisc","PISCIVORE"
"91","PAAR","Paracirrhites arcatus","Arc-eye hawkfish","Paracirrhites","Cirrhitidae","Hawkfish","MI","SECONDARY"
"92","CHOR","Chaetodon ornatissimus","Ornate butterflyfish","Chaetodon","Chaetodontidae","Butterflyfish","Cor","SECONDARY"
"93","PARR","Scaridae","Parrotfish species","UNKNOWN","Scaridae","Parrotfish","H","PRIMARY"
"94","INAN","Iniistius aneitensis","Yellowblotch razorfish","Iniistius","Labridae","Wrasse","MI","SECONDARY"
"95","CAFE","Carangoides ferdau","Blue trevally","Carangoides","Carangidae","Jack","Pisc","PISCIVORE"
"96","SNDP","Parapercis sp","Sandperch species","Parapercis","Pinguipedidae","Sandperch","MI","SECONDARY"
"97","NACA","Naso caesius","Gray unicornfish","Naso","Acanthuridae","Surgeonfish","Pk","PLANKTIVORE"
"98","NABR","Naso brevirostris","Spotted unicornfish","Naso","Acanthuridae","Surgeonfish","Pk","PLANKTIVORE"
"99","CIPI","Cirrhitus pinnulatus","Stocky hawkfish","Cirrhitus","Cirrhitidae","Hawkfish","MI","SECONDARY"
"100","SEDU","Seriola dumerili","Greater amberjack","Seriola","Carangidae","Jack","Pisc","PISCIVORE"
"101","ARME","Arothron meleagris","Guineafowl puffer","Arothron","Tetraodontidae","Pufferfish","Cor","SECONDARY"
"102","XAAU","Xanthichthys auromarginatus","Gilded triggerfish","Xanthichthys","Balistidae","Triggerfish","Pk","PLANKTIVORE"
"103","GYSP","Gymnothorax sp","UNKNOWN","Gymnothorax","Muraenidae","Moray","Pisc","PISCIVORE"
"104","RHAC","Rhinecanthus aculeatus","Blackbar triggerfish","Rhinecanthus","Balistidae","Triggerfish","MI","SECONDARY"
"105","ABSO","Abudefduf sordidus","Blackspot sergeant","Abudefduf","Pomacentridae","Damselfish","H","PRIMARY"
"106","CACA","Calotomus carolinus","Carolines parrotfish","Calotomus","Scaridae","Parrotfish","H","PRIMARY"
"107","BOMA","Bothus mancus","Flowery flounder","Bothus","Bothidae","Flounder","MI","SECONDARY"
"108","SCLY","Scomberoides lysan","Doublespotted queenfish","Scomberoides","Carangidae","Jack","Pisc","PISCIVORE"
"109","MYSP","Myripristinae","UNKNOWN","UNKNOWN","Holocentridae","Soldierfish","Pk","PLANKTIVORE"
"110","LIZA","Synodontidae","Lizardfish species","UNKNOWN","Synodontidae","Lizardfishes","Pisc","PISCIVORE"
"111","ELBI","Elagatis bipinnulata","Rainbow runner","Elagatis","Carangidae","Jack","Pisc","PISCIVORE"
"112","DEMA","Decapterus macarellus","Mackerel scad","Decapterus","Carangidae","Jack","Pk","PLANKTIVORE"
"113","ARHI","Arothron hispidus","White-spotted puffer","Arothron","Tetraodontidae","Pufferfish","MI","SECONDARY"
"114","SCSP","Scarus sp","Scarus genus species","Scarus","Scaridae","Parrotfish","H","PRIMARY"
"115","MABR","Malacanthus brevirostris","Quakerfish","Malacanthus","Malacanthidae","Tilefish","MI","SECONDARY"
"116","CIVA","Cirripectes vanderbilti","Scarface blenny","Cirripectes","Blenniidae","Blenny","H","PRIMARY"
"117","PLPH","Plectroglyphidodon phoenixensis","Phoenix devil","Plectroglyphidodon","Pomacentridae","Damselfish","H","PRIMARY"
"118","NAUN","Naso unicornis","Bluespine unicornfish","Naso","Acanthuridae","Surgeonfish","H","PRIMARY"
"119","EXBR","Exallias brevis","Leopard blenny","Exallias","Blenniidae","Blenny","Cor","SECONDARY"
"120","MYVI","Myripristis vittata","Whitetip soldierfish","Myripristis","Holocentridae","Soldierfish","Pk","PLANKTIVORE"
"121","CTMA","Ctenochaetus marginatus","Striped-fin surgeonfish","Ctenochaetus","Acanthuridae","Surgeonfish","H","PRIMARY"
"122","LUBO","Lutjanus bohar","Two-spot red snapper","Lutjanus","Lutjanidae","Snapper","Pisc","PISCIVORE"
"123","PSBA","Pseudanthias bartlettorum","Bartlett's anthias","Pseudanthias","Serranidae","Anthias","Pk","PLANKTIVORE"
"124","LUWH","Luzonichthys whitleyi","Whitley's splitfin","Luzonichthys","Serranidae","Anthias","Pk","PLANKTIVORE"
"125","NAHE","Naso hexacanthus","Sleek unicornfish","Naso","Acanthuridae","Surgeonfish","Pk","PLANKTIVORE"
"126","LUFU","Lutjanus fulvus","Blacktail snapper","Lutjanus","Lutjanidae","Snapper","MI","SECONDARY"
"127","CEFL","Centropyge flavissima","Lemonpeel angelfish","Centropyge","Pomacanthidae","Angelfish","H","PRIMARY"
"128","ACTH","Acanthurus thompsoni","Thompson's surgeonfish","Acanthurus","Acanthuridae","Surgeonfish","Pk","PLANKTIVORE"
"129","ACNC","Acanthurus nigricans","Whitecheek surgeonfish","Acanthurus","Acanthuridae","Surgeonfish","H","PRIMARY"
"130","GRAL","Gracila albomarginata","Masked grouper","Gracila","Serranidae","Grouper","Pisc","PISCIVORE"
"131","CHLU","Chaetodon lunula","Raccoon butterflyfish","Chaetodon","Chaetodontidae","Butterflyfish","SI","SECONDARY"
"132","LADI","Labroides dimidiatus","Bluestreak cleaner wrasse","Labroides","Labridae","Wrasse","MI","SECONDARY"
"133","CIOX","Cirrhitichthys oxycephalus","Coral hawkfish","Cirrhitichthys","Cirrhitidae","Hawkfish","MI","SECONDARY"
"134","CEUR","Cephalopholis urodeta","Darkfin hind","Cephalopholis","Serranidae","Grouper","Pisc","PISCIVORE"
"135","CHMA","Chromis margaritifer","Bicolor chromis","Chromis","Pomacentridae","Damselfish","Pk","PLANKTIVORE"
"136","CESP","Cephalopholis spiloparaea","Strawberry hind","Cephalopholis","Serranidae","Grouper","Pisc","PISCIVORE"
"137","CEMI","Cephalopholis miniata","Coral hind","Cephalopholis","Serranidae","Grouper","Pisc","PISCIVORE"
"138","CTCY","Ctenochaetus cyanocheilus","Bluelip bristletooth","Ctenochaetus","Acanthuridae","Surgeonfish","H","PRIMARY"
"139","HAME","Halichoeres melasmapomus","Cheekspot wrasse","Halichoeres","Labridae","Wrasse","MI","SECONDARY"
"140","PSHE","Pseudocheilinus hexataenia","Sixline wrasse","Pseudocheilinus","Labridae","Wrasse","MI","SECONDARY"
"141","ZESC","Zebrasoma scopas","Twotone tang","Zebrasoma","Acanthuridae","Surgeonfish","H","PRIMARY"
"142","CATE","Caesio teres","Yellow and bluebackfusilier","Caesio","Caesionidae","Fusilier","Pk","PLANKTIVORE"
"143","LAXA","Labropsis xanthonota","Yellowback tubelip","Labropsis","Labridae","Wrasse","MI","SECONDARY"
"144","BAUN","Balistapus undulatus","Orange-lined triggerfish","Balistapus","Balistidae","Triggerfish","MI","SECONDARY"
"145","CEAR","Cephalopholis argus","Peacock hind","Cephalopholis","Serranidae","Grouper","Pisc","PISCIVORE"
"146","CHME","Chaetodon meyeri","Scrawled butterflyfish","Chaetodon","Chaetodontidae","Butterflyfish","Cor","SECONDARY"
"147","PEOU","Pempheris oualensis","Silver sweeper","Pempheris","Pempheridae","Sweeper","Pk","PLANKTIVORE"
"148","POIM","Pomacanthus imperator","Emperor angelfish","Pomacanthus","Pomacanthidae","Angelfish","SI","SECONDARY"
"149","LABI","Labroides bicolor","Bicolor cleaner wrasse","Labroides","Labridae","Wrasse","MI","SECONDARY"
"150","LUMO","Lutjanus monostigma","Onespot snapper","Lutjanus","Lutjanidae","Snapper","Pisc","PISCIVORE"
"151","LARU","Labroides rubrolabiatus","Redlip cleaner wrasse","Labroides","Labridae","Wrasse","MI","SECONDARY"
"152","SACA","Sargocentron caudimaculatum","Silverspot squirrelfish","Sargocentron","Holocentridae","Soldierfish","MI","SECONDARY"
"153","ODNI","Odonus niger","Redtoothed triggerfish","Odonus","Balistidae","Triggerfish","Pk","PLANKTIVORE"
"154","EPHE","Epinephelus hexagonatus","Starspotted grouper","Epinephelus","Serranidae","Grouper","Pisc","PISCIVORE"
"155","APGR","Apolemichthys griffisi","Griffis angelfish","Apolemichthys","Pomacanthidae","Angelfish","SI","SECONDARY"
"156","CELE","Cephalopholis leopardus","Leopard hind","Cephalopholis","Serranidae","Grouper","Pisc","PISCIVORE"
"157","NAVL","Naso vlamingii","Bignose unicornfish","Naso","Acanthuridae","Surgeonfish","Pk","PLANKTIVORE"
"158","STAU","Stegastes aureus","Golden gregory","Stegastes","Pomacentridae","Damselfish","H","PRIMARY"
"159","CTFL","Ctenochaetus flavicauda","Pale-tailed/Whitetail bristletooth","Ctenochaetus","Acanthuridae","Surgeonfish","H","PRIMARY"
"160","PTTI","Pterocaesio tile","Dark-banded fusilier","Pterocaesio","Caesionidae","Fusilier","Pk","PLANKTIVORE"
"161","PLDI","Plectroglyphidodon dickii","Blackbar devil","Plectroglyphidodon","Pomacentridae","Damselfish","Cor","SECONDARY"
"162","CTSP","Ctenochaetus sp","Bristletooth","Ctenochaetus","Acanthuridae","Surgeonfish","H","PRIMARY"
"163","PLLA","Plectroglyphidodon lacrymatus","Whitespotted devil","Plectroglyphidodon","Pomacentridae","Damselfish","Pk","PLANKTIVORE"
"164","CHKL","Chaetodon kleinii","Sunburst butterflyfish","Chaetodon","Chaetodontidae","Butterflyfish","Pk","PLANKTIVORE"
"165","PYDI","Pygoplites diacanthus","Royal angelfish","Pygoplites","Pomacanthidae","Angelfish","SI","SECONDARY"
"166","CTSR","Ctenochaetus striatus","Striated surgeonfish","Ctenochaetus","Acanthuridae","Surgeonfish","H","PRIMARY"
"167","CHVA","Chromis vanderbilti","Vanderbilt's chromis","Chromis","Pomacentridae","Damselfish","Pk","PLANKTIVORE"
"168","EPSP","Epinephelus sp","UNKNOWN","Epinephelus","Serranidae","Grouper","Pisc","PISCIVORE"
"169","PLTA","Plagiotremus tapeinosoma","Piano fangblenny","Plagiotremus","Blenniidae","Blenny","Par","SECONDARY"
"170","LETA","Lepidozygus tapeinosoma","Fusilier damselfish","Lepidozygus","Pomacentridae","Damselfish","Pk","PLANKTIVORE"
"171","BLEN","Blenniidae","Blenny species","UNKNOWN","Blenniidae","Blenny","Pk","PLANKTIVORE"
"172","AERO","Aethaloperca rogaa","Redmouth grouper","Aethaloperca","Serranidae","Grouper","Pisc","PISCIVORE"
"173","AMCH","Amphiprion chrysopterus","Orangefin anemonefish","Amphiprion","Pomacentridae","Damselfish","Pk","PLANKTIVORE"
"174","EPML","Epinephelus melanostigma","One-blotch grouper","Epinephelus","Serranidae","Grouper","Pisc","PISCIVORE"
"175","DAAU","Dascyllus auripinnis","Gold-fin dascyllus?","Dascyllus","Pomacentridae","Damselfish","Pk","PLANKTIVORE"
"176","EPFA","Epinephelus fasciatus","Blacktip grouper","Epinephelus","Serranidae","Grouper","Pisc","PISCIVORE"
"177","ZERO","Zebrasoma rostratum","Longnose surgeonfish","Zebrasoma","Acanthuridae","Surgeonfish","H","PRIMARY"
"178","HEFA","Hemigymnus fasciatus","Barred thicklip","Hemigymnus","Labridae","Wrasse","MI","SECONDARY"
"179","LUSE","Lutjanus semicinctus","Black-banded snapper","Lutjanus","Lutjanidae","Snapper","Pisc","PISCIVORE"
"180","CEBC","Centropyge bicolor","Bicolor angelfish","Centropyge","Pomacanthidae","Angelfish","H","PRIMARY"
"181","APXA","Apolemichthys xanthopunctatus","Goldspotted angelfish","Apolemichthys","Pomacanthidae","Angelfish","SI","SECONDARY"
"182","PAHE","Paracirrhites hemistictus","Whitespot hawkfish","Paracirrhites","Cirrhitidae","Hawkfish","Pisc","PISCIVORE"
"183","BOAX","Bodianus axillaris","Axilspot hogfish","Bodianus","Labridae","Wrasse","MI","SECONDARY"
"184","ACPY","Acanthurus pyroferus","Chocolate surgeonfish","Acanthurus","Acanthuridae","Surgeonfish","H","PRIMARY"
"185","POCO","Pomacentrus coelestis","Neon damselfish","Pomacentrus","Pomacentridae","Damselfish","Pk","PLANKTIVORE"
"186","CEVR","Centropyge vrolikii","Pearlscale angelfish","Centropyge","Pomacanthidae","Angelfish","H","PRIMARY"
"187","CISP","Cirripectes sp","UNKNOWN","Cirripectes","Blenniidae","Blenny","H","PRIMARY"
"188","HAHO","Halichoeres hortulanus","Checkerboard wrasse","Halichoeres","Labridae","Wrasse","MI","SECONDARY"
"189","GNAU","Gnathodentex aureolineatus","Striped large-eye bream","Gnathodentex","Lethrinidae","Emperor","MI","SECONDARY"
"190","ACLI","Acanthurus lineatus","Lined surgeonfish","Acanthurus","Acanthuridae","Surgeonfish","H","PRIMARY"
"191","ACGU","Acanthurus guttatus","Whitespotted surgeonfish","Acanthurus","Acanthuridae","Surgeonfish","H","PRIMARY"
"192","SCFR","Scarus frenatus","Bridled parrotfish","Scarus","Scaridae","Parrotfish","H","PRIMARY"
"193","THAM","Thalassoma amblycephalum","Bluntheaded wrasse","Thalassoma","Labridae","Wrasse","Pk","PLANKTIVORE"
"194","HEVA","Heniochus varius","Horned bannerfish","Heniochus","Chaetodontidae","Butterflyfish","Cor","SECONDARY"
"195","EPMC","Epinephelus macrospilos","Snubnose grouper","Epinephelus","Serranidae","Grouper","Pisc","PISCIVORE"
"196","PSOL","Pseudanthias olivaceus","Olive anthias","Pseudanthias","Serranidae","Anthias","Pk","PLANKTIVORE"
"197","MUMI","Mulloidichthys mimicus","Mimic goatfish","Mulloidichthys","Mullidae","Goatfish","MI","SECONDARY"
"198","BODI","Bodianus diana","Diana's hogfish","Bodianus","Labridae","Wrasse","MI","SECONDARY"
"199","LUGI","Lutjanus gibbus","Humpback red snapper","Lutjanus","Lutjanidae","Snapper","MI","SECONDARY"
"200","PSHT","Pseudocoris heteroptera","Torpedowrasse","Pseudocoris","Labridae","Wrasse","MI","SECONDARY"
"201","CHXA","Chromis xanthura","Paletail chromis","Chromis","Pomacentridae","Damselfish","Pk","PLANKTIVORE"
"202","CAPA","Cantherhines pardalis","Honeycomb filefish","Cantherhines","Monacanthidae","Filefish","H","PRIMARY"
"203","EPME","Epinephelus merra","Honeycomb grouper","Epinephelus","Serranidae","Grouper","Pisc","PISCIVORE"
"204","MYEA","Myripristis earlei","Earl's soldierfish","Myripristis","Holocentridae","Soldierfish","MI","SECONDARY"
"205","SCTR","Scarus tricolor","Tricolour parrotfish","Scarus","Scaridae","Parrotfish","H","PRIMARY"
"206","ABVA","Abudefduf vaigiensis","Indo-Pacific sergeant","Abudefduf","Pomacentridae","Damselfish","Pk","PLANKTIVORE"
"207","AMSC","Amanses scopas","Broom filefish","Amanses","Monacanthidae","Filefish","Cor","SECONDARY"
"208","ANCA","Anampses caeruleopunctatus","Bluespotted wrasse","Anampses","Labridae","Wrasse","MI","SECONDARY"
"209","GYFL","Gymnothorax flavimarginatus","Yellow-edged moray","Gymnothorax","Muraenidae","Moray","Pisc","PISCIVORE"
"210","COAY","Coris aygula","Clown coris","Coris","Labridae","Wrasse","MI","SECONDARY"
"211","ACMT","Acanthurus mata","Elongate surgeonfish","Acanthurus","Acanthuridae","Surgeonfish","Pk","PLANKTIVORE"
"212","COCE","Coris centralis","Central Pacific coris","Coris","Labridae","Wrasse","MI","SECONDARY"
"213","ECNE","Echidna nebulosa","Snowflake moray","Echidna","Muraenidae","Moray","MI","SECONDARY"
"214","EPRE","Epinephelus retouti","Red-tipped grouper","Epinephelus","Serranidae","Grouper","Pisc","PISCIVORE"
"215","MOGR","Monotaxis grandoculis","Humpnose big-eye bream","Monotaxis","Lethrinidae","Emperor","MI","SECONDARY"
"216","SCNI","Scarus niger","Dusky parrotfish","Scarus","Scaridae","Parrotfish","H","PRIMARY"
"217","SPHE","Sphyraena helleri","Heller's barracuda","Sphyraena","Sphyraenidae","Barracuda","Pisc","PISCIVORE"
"218","ANME","Anampses melanurus","White-spotted wrasse","Anampses","Labridae","Wrasse","MI","SECONDARY"
"219","PSMO","Pseudodax moluccanus","Chiseltooth wrasse","Pseudodax","Labridae","Wrasse","MI","SECONDARY"
"220","CHCA","Chromis caudalis","Blue-axil chromis","Chromis","Pomacentridae","Damselfish","Pk","PLANKTIVORE"
"221","SPBA","Sphyraena barracuda","Great barracuda","Sphyraena","Sphyraenidae","Barracuda","Pisc","PISCIVORE"
"222","SUCH","Sufflamen chrysopterum","Halfmoon triggerfish","Sufflamen","Balistidae","Triggerfish","MI","SECONDARY"
"223","OSAN","Ostorhinchus angustatus","Broadstriped cardinalfish","Apogon","Apogonidae","Cardinalfish","Pk","PLANKTIVORE"
"224","EPSL","Epinephelus spilotoceps","Foursaddle grouper","Epinephelus","Serranidae","Grouper","Pisc","PISCIVORE"
"225","SAMI","Sargocentron microstoma","Smallmouth squirrelfish","Sargocentron","Holocentridae","Soldierfish","MI","SECONDARY"
"226","STFA","Stegastes fasciolatus","Pacific gregory","Stegastes","Pomacentridae","Damselfish","H","PRIMARY"
"227","THPU","Thalassoma purpureum","Surge wrasse","Thalassoma","Labridae","Wrasse","MI","SECONDARY"
"228","CHVG","Chaetodon vagabundus","Vagabond butterflyfish","Chaetodon","Chaetodontidae","Butterflyfish","SI","SECONDARY"
"229","NESP","Neoniphon sp","UNKNOWN","Neoniphon","Holocentridae","Soldierfish","MI","SECONDARY"
"230","ACMA","Acanthurus maculiceps","White-freckled surgeonfish","Acanthurus","Acanthuridae","Surgeonfish","H","PRIMARY"
"231","CHLI","Chaetodon lineolatus","Lined butterflyfish","Chaetodon","Chaetodontidae","Butterflyfish","SI","SECONDARY"
"232","VALO","Variola louti","Yellow-edged lyretail","Variola","Serranidae","Grouper","Pisc","PISCIVORE"
"233","BOXF","Ostraciidae","UNKNOWN","UNKNOWN","Ostraciidae","Boxfish","SI","SECONDARY"
"234","CIEX","Cirrhilabrus exquisitus","Exquisite wrasse","Cirrhilabrus","Labridae","Wrasse","Pk","PLANKTIVORE"
"235","CAAM","Canthigaster amboinensis","Spider-eye puffer","Canthigaster","Tetraodontidae","Pufferfish","H","PRIMARY"
"236","ACNI","Acanthurus nigricauda","Epaulette surgeonfish","Acanthurus","Acanthuridae","Surgeonfish","H","PRIMARY"
"237","CHMC","Chlorurus microrhinos","Steephead parrots","Chlorurus","Scaridae","Parrotfish","H","PRIMARY"
"238","CHTL","Cheilinus trilobatus","Tripletail wrasse","Cheilinus","Labridae","Wrasse","MI","SECONDARY"
"239","LUKA","Lutjanus kasmira","Common bluestripe snapper","Lutjanus","Lutjanidae","Snapper","MI","SECONDARY"
"240","HECA","Heteropriacanthus carolinus","Glasseye","Heteropriacanthus","Priacanthidae","Bigeye","Pk","PLANKTIVORE"
"241","ANMG","Anampses meleagrides","Spotted wrasse","Anampses","Labridae","Wrasse","MI","SECONDARY"
"242","STBN","Stethojulis bandanensis","Red shoulder wrasse","Stethojulis","Labridae","Wrasse","Pk","PLANKTIVORE"
"243","MAME","Macropharyngodon meleagris","Blackspotted wrasse","Macropharyngodon","Labridae","Wrasse","MI","SECONDARY"
"244","CIVR","Cirripectes variolosus","Red-speckled blenny","Cirripectes","Blenniidae","Blenny","H","PRIMARY"
"245","XACA","Xanthichthys caeruleolineatus","Bluelined triggerfish","Xanthichthys","Balistidae","Triggerfish","Pk","PLANKTIVORE"
"246","PAHP","Paracanthurus hepatus","Palette surgeonfish","Paracanthurus","Acanthuridae","Surgeonfish","Pk","PLANKTIVORE"
"247","BOME","Bodianus mesothorax","Splitlevel hogfish","Bodianus","Labridae","Wrasse","MI","SECONDARY"
"248","MYKU","Myripristis kuntee","Shoulderbar soldierfish","Myripristis","Holocentridae","Soldierfish","Pk","PLANKTIVORE"
"249","SPQE","Sphyraena qenie","Blackfin barracuda","Sphyraena","Sphyraenidae","Barracuda","Pisc","PISCIVORE"
"250","RHRE","Rhinecanthus rectangulus","Wedge-tail triggerfish","Rhinecanthus","Balistidae","Triggerfish","MI","SECONDARY"
"251","BAVI","Balistoides viridescens","Titan triggerfish","Balistoides","Balistidae","Triggerfish","MI","SECONDARY"
"252","ABAB","Abudefduf abdominalis","Green damselfish","Abudefduf","Pomacentridae","Damselfish","Pk","PLANKTIVORE"
"253","FISH","Un-id fish sp","UNKNOWN","UNKNOWN","UNKNOWN","Unspecified Fish","X","SECONDARY"
"254","PTVO","Pterois volitans","Red lionfish","Pterois","Scorpaenidae","Scorpionfish","Pisc","PISCIVORE"
"255","OXBI","Oxycheilinus bimaculatus","Two-spot wrasse","Oxycheilinus","Labridae","Wrasse","MI","SECONDARY"
"256","LAUN","Labrichthys unilineatus","Tubelip wrasse","Labrichthys","Labridae","Wrasse","Cor","SECONDARY"
"257","CHTE","Chromis ternatensis","Ternate chromis","Chromis","Pomacentridae","Damselfish","Pk","PLANKTIVORE"
"258","ARNI","Arothron nigropunctatus","Blackspotted puffer","Arothron","Tetraodontidae","Pufferfish","Cor","SECONDARY"
"259","AEOC","Aetobatus ocellatus","Spotted eagle ray","Aetobatus","Myliobatidae","Eagle Rays","MI","SECONDARY"
"260","ACLU","Acanthurus leucocheilus","Palelipped surgeonfish","Acanthurus","Acanthuridae","Surgeonfish","H","PRIMARY"
"261","TROB","Triaenodon obesus","Whitetip reef shark","Triaenodon","Carcharhinidae","Requiem","Pisc","PISCIVORE"
"262","CESX","Cephalopholis sexmaculata","Sixblotch hind","Cephalopholis","Serranidae","Grouper","Pisc","PISCIVORE"
"263","MANI","Macolor niger","Black and white snapper","Macolor","Lutjanidae","Snapper","Pk","PLANKTIVORE"
"264","ACXA","Acanthurus xanthopterus","Yellowfin surgeonfish","Acanthurus","Acanthuridae","Surgeonfish","H","PRIMARY"
"265","GYBR","Gymnothorax breedeni","Blackcheek moray","Gymnothorax","Muraenidae","Moray","Pisc","PISCIVORE"
"266","ANTW","Anampses twistii","Yellowbreasted wrasse","Anampses","Labridae","Wrasse","MI","SECONDARY"
"267","SCDM","Scarus dimidiatus","Yellowbarred parrotfish","Scarus","Scaridae","Parrotfish","H","PRIMARY"
"268","DARE","Dascyllus reticulatus","Reticulate dascyllus","Dascyllus","Pomacentridae","Damselfish","Pk","PLANKTIVORE"
"269","CEBI","Centropyge bispinosa","Twospined angelfish","Centropyge","Pomacanthidae","Angelfish","H","PRIMARY"
"270","POVA","Pomacentrus vaiuli","Ocellate damselfish","Pomacentrus","Pomacentridae","Damselfish","Pk","PLANKTIVORE"
"271","HEPO","Hemitaurichthys polylepis","Pyramid butterflyfish","Hemitaurichthys","Chaetodontidae","Butterflyfish","Pk","PLANKTIVORE"
"272","HESI","Heniochus singularius","Singular bannerfish","Heniochus","Chaetodontidae","Butterflyfish","Cor","SECONDARY"
"273","CHIO","Chromis iomelas","Half-and-half chromis","Chromis","Pomacentridae","Damselfish","H","PRIMARY"
"274","CTBI","Ctenochaetus binotatus","Twospot surgeonfish","Ctenochaetus","Acanthuridae","Surgeonfish","H","PRIMARY"
"275","CHPW","Chaetodon pelewensis","Sunset butterflyfish","Chaetodon","Chaetodontidae","Butterflyfish","Cor","SECONDARY"
"276","SCFO","Scarus forsteni","Forsten's parrotfish","Scarus","Scaridae","Parrotfish","H","PRIMARY"
"277","CHRE","Chaetodon reticulatus","Mailed butterflyfish","Chaetodon","Chaetodontidae","Butterflyfish","Cor","SECONDARY"
"278","SCOV","Scarus oviceps","Dark capped parrotfish","Scarus","Scaridae","Parrotfish","H","PRIMARY"
"279","SCSI","Scarus spinus","Greensnout parrotfish","Scarus","Scaridae","Parrotfish","H","PRIMARY"
"280","POBR","Pomacentrus brachialis","Charcoal damsel","Pomacentrus","Pomacentridae","Damselfish","Pk","PLANKTIVORE"
"281","PLLV","Plectropomus laevis","Blacksaddled coralgrouper","Plectropomus","Serranidae","Grouper","Pisc","PISCIVORE"
"282","CIPU","Cirrhilabrus punctatus","Dotted wrasse","Cirrhilabrus","Labridae","Wrasse","MI","SECONDARY"
"283","PORI","Pomachromis richardsoni","Richardson's reef-damsel","Pomachromis","Pomacentridae","Damselfish","Pk","PLANKTIVORE"
"284","HAPR","Halichoeres prosopeion","Twotone wrasse","Halichoeres","Labridae","Wrasse","MI","SECONDARY"
"285","CHJA","Chlorurus japanensis","Palecheek parrotfish","Chlorurus","Scaridae","Parrotfish","H","PRIMARY"
"286","HEME","Hemigymnus melapterus","Blackeye thicklip","Hemigymnus","Labridae","Wrasse","MI","SECONDARY"
"287","CIPO","Cirripectes polyzona","Barred blenny","Cirripectes","Blenniidae","Blenny","H","PRIMARY"
"288","CHFN","Chlorurus frontalis","Tan-faced parrotfish","Chlorurus","Scaridae","Parrotfish","H","PRIMARY"
"289","HAMA","Halichoeres marginatus","Dusky wrasse","Halichoeres","Labridae","Wrasse","MI","SECONDARY"
"290","MAMA","Macolor macularis","Midnight snapper","Macolor","Lutjanidae","Snapper","Pk","PLANKTIVORE"
"291","CHTA","Chrysiptera taupou","Southseas devil","Chrysiptera","Pomacentridae","Damselfish","H","PRIMARY"
"292","CEHE","Centropyge heraldi","Yellow angelfish","Centropyge","Pomacanthidae","Angelfish","H","PRIMARY"
"293","THHA","Thalassoma hardwicke","Sixbar wrasse","Thalassoma","Labridae","Wrasse","Pk","PLANKTIVORE"
"294","CHBR","Chrysiptera brownriggii","Surge damselfish","Chrysiptera","Pomacentridae","Damselfish","H","PRIMARY"
"295","CEOC","Cetoscarus ocellatus","Bicolour parrotfish","Cetoscarus","Scaridae","Parrotfish","H","PRIMARY"
"296","GOAT","Mullidae","UNKNOWN","UNKNOWN","Mullidae","Goatfish","MI","SECONDARY"
"297","CHSE","Chaetodon semeion","Dotted butterflyfish","Chaetodon","Chaetodontidae","Butterflyfish","H","PRIMARY"
"298","HABI","Halichoeres biocellatus","Red-lined wrasse","Halichoeres","Labridae","Wrasse","MI","SECONDARY"
"299","ACSP","Acanthurus sp","Acanthurus species","Acanthurus","Acanthuridae","Surgeonfish","H","PRIMARY"
"300","PTEV","Ptereleotris evides","Blackfin dartfish","Ptereleotris","Ptereleotridae","Dartfish","Pk","PLANKTIVORE"
"301","ASTA","Aspidontus taeniatus","False cleanerfish","Aspidontus","Blenniidae","Blenny","Par","SECONDARY"
"302","CHUL","Chaetodon ulietensis","Pacific double-saddlebutterflyfish","Chaetodon","Chaetodontidae","Butterflyfish","MI","SECONDARY"
"303","APTR","Apolemichthys trimaculatus","Threespot angelfish","Apolemichthys","Pomacanthidae","Angelfish","SI","SECONDARY"
"304","CASO","Canthigaster solandri","Spotted sharpnose","Canthigaster","Tetraodontidae","Pufferfish","H","PRIMARY"
"305","BOLO","Bodianus loxozonus","Blackfin hogfish","Bodianus","Labridae","Wrasse","MI","SECONDARY"
"306","SCSC","Scarus schlegeli","Yellowband parrotfish","Scarus","Scaridae","Parrotfish","H","PRIMARY"
"307","PLVI","Plectorhinchus vittatus","Indian Ocean orientalsweetlips","Plectorhinchus","Haemulidae","Grunt","MI","SECONDARY"
"308","CHMR","Chaetodon mertensii","Atoll butterflyfish","Chaetodon","Chaetodontidae","Butterflyfish","H","PRIMARY"
"309","SURG","Acanthuridae","Surgeonfish species","UNKNOWN","Acanthuridae","Surgeonfish","H","PRIMARY"
"310","PSTE","Pseudocheilinus tetrataenia","Four-lined wrasse","Pseudocheilinus","Labridae","Wrasse","MI","SECONDARY"
"311","CACE","Caesio caerulaurea","Blue and gold fusilier","Caesio","Caesionidae","Fusilier","Pk","PLANKTIVORE"
"312","FOLO","Forcipiger longirostris","Longnose butterflyfish","Forcipiger","Chaetodontidae","Butterflyfish","MI","SECONDARY"
"313","HEMO","Heniochus monoceros","Masked bannerfish","Heniochus","Chaetodontidae","Butterflyfish","MI","SECONDARY"
"314","PTMA","Pterocaesio marri","Marr's fusilier","Pterocaesio","Caesionidae","Fusilier","Pk","PLANKTIVORE"
"315","CHBI","Chrysiptera biocellata","Twinspot damselfish","Chrysiptera","Pomacentridae","Damselfish","H","PRIMARY"
"316","ABSX","Abudefduf sexfasciatus","Scissortail sergeant","Abudefduf","Pomacentridae","Damselfish","Pk","PLANKTIVORE"
"317","CHML","Chaetodon melannotus","Blackback butterflyfish","Chaetodon","Chaetodontidae","Butterflyfish","Cor","SECONDARY"
"318","DAMS","Pomacentridae","UNKNOWN","UNKNOWN","Pomacentridae","Damselfish","Om","SECONDARY"
"319","CHCL","Cheilinus chlorourus","Floral wrasse","Cheilinus","Labridae","Wrasse","MI","SECONDARY"
"320","AMPE","Amphiprion perideraion","Pink anemonefish","Amphiprion","Pomacentridae","Damselfish","Pk","PLANKTIVORE"
"321","GYUC","Gymnosarda unicolor","Dogtooth tuna","Gymnosarda","Scombridae","Tuna","Pisc","PISCIVORE"
"322","SCGL","Scarus globiceps","Globehead parrotfish","Scarus","Scaridae","Parrotfish","H","PRIMARY"
"323","CHSP","Cheilodipterus sp","UNKNOWN","Cheilodipterus","Apogonidae","Cardinalfish","MI","SECONDARY"
"324","PAMI","Parapercis millepunctata","Black dotted sand perch","Parapercis","Pinguipedidae","Sandperch","MI","SECONDARY"
"325","CHFA","Cheilinus fasciatus","Redbreast wrasse","Cheilinus","Labridae","Wrasse","MI","SECONDARY"
"326","CHUD","Cheilinus undulatus","Humphead wrasse","Cheilinus","Labridae","Wrasse","MI","SECONDARY"
"327","PACL","Parapercis clathrata","Latticed sandperch","Parapercis","Pinguipedidae","Sandperch","MI","SECONDARY"
"328","HODO","Hologymnosus doliatus","Pastel ringwrasse","Hologymnosus","Labridae","Wrasse","MI","SECONDARY"
"329","ECBC","Ecsenius bicolor","Bicolor blenny","Ecsenius","Blenniidae","Blenny","Pk","PLANKTIVORE"
"330","CHOX","Cheilinus oxycephalus","Snooty wrasse","Cheilinus","Labridae","Wrasse","MI","SECONDARY"
"331","PSFL","Pseudobalistes flavimarginatus","Yellowmargin triggerfish","Pseudobalistes","Balistidae","Triggerfish","MI","SECONDARY"
"332","CAIG","Caranx ignobilis","Giant trevally","Caranx","Carangidae","Jack","Pisc","PISCIVORE"
"333","LEOB","Lethrinus obsoletus","Orange-striped emperor","Lethrinus","Lethrinidae","Emperor","MI","SECONDARY"
"334","OXDI","Oxycheilinus digramma","Cheeklined wrasse","Oxycheilinus","Labridae","Wrasse","Pisc","PISCIVORE"
"335","CILB","Cirrhilabrus sp","UNKNOWN","Cirrhilabrus","Labridae","Wrasse","Pk","PLANKTIVORE"
"336","NABH","Naso brachycentron","Humpback unicornfish","Naso","Acanthuridae","Surgeonfish","H","PRIMARY"
"337","HECH","Heniochus chrysostomus","Threeband pennantfish","Heniochus","Chaetodontidae","Butterflyfish","Cor","SECONDARY"
"338","HAMT","Halichoeres margaritaceus","Pink-belly wrasse","Halichoeres","Labridae","Wrasse","MI","SECONDARY"
"339","VAST","Valenciennea strigata","Blueband goby","Valenciennea","Gobiidae","Goby","MI","SECONDARY"
"340","OXSP","Oxycheilinus sp","UNKNOWN","Oxycheilinus","Labridae","Wrasse","MI","SECONDARY"
"341","MEAT","Meiacanthus atrodorsalis","Forktail blenny","Meiacanthus","Blenniidae","Blenny","Pk","PLANKTIVORE"
"342","CHAM","Chromis amboinensis","Ambon chromis","Chromis","Pomacentridae","Damselfish","H","PRIMARY"
"343","CHWE","Chromis weberi","Weber's chromis","Chromis","Pomacentridae","Damselfish","Pk","PLANKTIVORE"
"344","BACO","Balistoides conspicillum","Clown triggerfish","Balistoides","Balistidae","Triggerfish","MI","SECONDARY"
"345","KYCI","Kyphosus cinerascens","Blue seachub","Kyphosus","Kyphosidae","Chub","H","PRIMARY"
"346","CIFL","Cirrhitichthys falco","Dwarf hawkfish","Cirrhitichthys","Cirrhitidae","Hawkfish","MI","SECONDARY"
"347","SADI","Sargocentron diadema","Crown squirrelfish","Sargocentron","Holocentridae","Soldierfish","MI","SECONDARY"
"348","LETH","Lethrinus sp","UNKNOWN","Lethrinus","Lethrinidae","Emperor","MI","SECONDARY"
"349","PSSL","Pseudojuloides splendens","Splendid Pencil Wrasse","Pseudojuloides","Labridae","Wrasse","MI","SECONDARY"
"350","PTHE","Ptereleotris heteroptera","Blacktail goby","Ptereleotris","Ptereleotridae","Dartfish","Pk","PLANKTIVORE"
"351","PTZE","Ptereleotris zebra","Chinese zebra goby","Ptereleotris","Ptereleotridae","Dartfish","Pk","PLANKTIVORE"
"352","PSPA","Pseudanthias pascalus","Amethyst anthias","Pseudanthias","Serranidae","Anthias","Pk","PLANKTIVORE"
"353","CHFU","Chromis fumea","Smokey chromis","Chromis","Pomacentridae","Damselfish","Pk","PLANKTIVORE"
"354","OXLO","Oxymonacanthus longirostris","Harlequin filefish","Oxymonacanthus","Monacanthidae","Filefish","Cor","SECONDARY"
"355","PLLD","Plagiotremus laudandus","Bicolour fangblenny","Plagiotremus","Blenniidae","Blenny","Par","SECONDARY"
"356","PABA","Parupeneus barberinus","Dash-and-dot goatfish","Parupeneus","Mullidae","Goatfish","MI","SECONDARY"
"357","EPTA","Epinephelus tauvina","Greasy grouper","Epinephelus","Serranidae","Grouper","Pisc","PISCIVORE"
"358","DATR","Dascyllus trimaculatus","Threespot dascyllus","Dascyllus","Pomacentridae","Damselfish","Pk","PLANKTIVORE"
"359","RHLU","Rhinecanthus lunula","Halfmoon picassofish","Rhinecanthus","Balistidae","Triggerfish","MI","SECONDARY"
"360","PLRH","Plagiotremus rhinorhynchos","Bluestriped fangblenny","Plagiotremus","Blenniidae","Blenny","Par","SECONDARY"
"361","STST","Stethojulis strigiventer","Three-line/Three-ribbon/Stripebelly wrasse","Stethojulis","Labridae","Wrasse","MI","SECONDARY"
"362","AMME","Amphiprion melanopus","Fire clownfish","Amphiprion","Pomacentridae","Damselfish","Pk","PLANKTIVORE"
"363","NEME","Neopomacentrus metallicus","Metallic demoiselle","Neopomacentrus","Pomacentridae","Damselfish","Pk","PLANKTIVORE"
"364","HASP","Halichoeres sp","UNKNOWN","Halichoeres","Labridae","Wrasse","MI","SECONDARY"
"365","SIAR","Siganus argenteus","Streamlined spinefoot","Siganus","Siganidae","Rabbitfish","H","PRIMARY"
"366","MALA","Malacanthus latovittatus","Blue blanquillo","Malacanthus","Malacanthidae","Tilefish","MI","SECONDARY"
"367","PSCO","Pseudanthias cooperi","Red-bar anthias","Pseudanthias","Serranidae","Anthias","Pk","PLANKTIVORE"
"368","ANLE","Anyperodon leucogrammicus","Slender grouper","Anyperodon","Serranidae","Grouper","Pisc","PISCIVORE"
"369","COFF","Corythoichthys flavofasciatus","Network pipefish","Corythoichthys","Syngnathidae","Pipefishes and seahorses","Pk","PLANKTIVORE"
"370","AMPH","Amblygobius phalaena","Banded goby","Amblygobius","Gobiidae","Goby","H","PRIMARY"
"371","CABE","Canthigaster bennetti","Bennett's sharpnose puffer","Canthigaster","Tetraodontidae","Pufferfish","H","PRIMARY"
"372","STSP","Stegastes sp","UNKNOWN","Stegastes","Pomacentridae","Damselfish","H","PRIMARY"
"373","SCAL","Scarus altipinnis","Filament-finned parrotfish","Scarus","Scaridae","Parrotfish","H","PRIMARY"
"374","DAAR","Dascyllus aruanus","Whitetail dascyllus","Dascyllus","Pomacentridae","Damselfish","Pk","PLANKTIVORE"
"375","CHVR","Chromis viridis","Blue green damselfish","Chromis","Pomacentridae","Damselfish","Pk","PLANKTIVORE"
"376","ANTH","Anthias sp","UNKNOWN","Anthias","Serranidae","Anthias","Pk","PLANKTIVORE"
"377","LEOL","Lethrinus olivaceus","Longface emperor","Lethrinus","Lethrinidae","Emperor","Pisc","PISCIVORE"
"378","CEFI","Centropyge fisheri","Orange angelfish","Centropyge","Pomacanthidae","Angelfish","H","PRIMARY"
"379","MYAD","Myripristis adusta","Shadowfin soldierfish","Myripristis","Holocentridae","Soldierfish","Pk","PLANKTIVORE"
"380","ACAL","Acanthurus albipectoralis","Whitefin surgeonfish","Acanthurus","Acanthuridae","Surgeonfish","H","PRIMARY"
"381","EPPO","Epinephelus polyphekadion","Camouflage grouper","Epinephelus","Serranidae","Grouper","Pisc","PISCIVORE"
"382","CAMC","Caracanthus maculatus","Spotted coral croucher","Caracanthus","Caracanthidae","Velvetfish","MI","SECONDARY"
"383","NATO","Naso tonganus","Bulbnose unicornfish","Naso","Acanthuridae","Surgeonfish","H","PRIMARY"
"384","CHRA","Chaetodon rafflesii","Latticed butterflyfish","Chaetodon","Chaetodontidae","Butterflyfish","Cor","SECONDARY"
"385","CHEI","Cheilinus sp","UNKNOWN","Cheilinus","Labridae","Wrasse","MI","SECONDARY"
"386","MYVL","Myripristis violacea","Lattice soldierfish","Myripristis","Holocentridae","Soldierfish","MI","SECONDARY"
"387","CAJN","Canthigaster janthinoptera","Honeycomb toby","Canthigaster","Tetraodontidae","Pufferfish","H","PRIMARY"
"388","NAAN","Naso annulatus","Whitemargin unicornfish","Naso","Acanthuridae","Surgeonfish","Pk","PLANKTIVORE"
"389","GYUN","Gymnothorax undulatus","Undulated moray","Gymnothorax","Muraenidae","Moray","Pisc","PISCIVORE"
"390","SCXA","Scarus xanthopleura","Red parrotfish","Scarus","Scaridae","Parrotfish","H","PRIMARY"
"391","STAL","Stegastes albifasciatus","Whitebar gregory","Stegastes","Pomacentridae","Damselfish","H","PRIMARY"
"392","CHGL","Chrysiptera glauca","Grey demoiselle","Chrysiptera","Pomacentridae","Damselfish","H","PRIMARY"
"393","CAML","Carcharhinus melanopterus","Blacktip reef shark","Carcharhinus","Carcharhinidae","Requiem","Pisc","PISCIVORE"
"394","HATR","Halichoeres trimaculatus","Threespot wrasse","Halichoeres","Labridae","Wrasse","MI","SECONDARY"
"395","CARD","Apogonidae","Apogonidae species","UNKNOWN","Apogonidae","Cardinalfish","Pk","PLANKTIVORE"
"396","CHQN","Cheilodipterus quinquelineatus","Five-lined cardinalfish","Cheilodipterus","Apogonidae","Cardinalfish","MI","SECONDARY"
"397","APSP","Apogon sp","Apogon species","Apogon","Apogonidae","Cardinalfish","Pk","PLANKTIVORE"
"398","STNI","Stegastes nigricans","Dusky farmerfish","Stegastes","Pomacentridae","Damselfish","H","PRIMARY"
"399","POPA","Pomacentrus pavo","Sapphire damsel","Pomacentrus","Pomacentridae","Damselfish","Pk","PLANKTIVORE"
"400","NASP","Naso sp","UNKNOWN","Naso","Acanthuridae","Surgeonfish","Pk","PLANKTIVORE"
"401","NEAG","Neoniphon argenteus","Clearfin squirrelfish","Neoniphon","Holocentridae","Soldierfish","MI","SECONDARY"
"402","SAPP","Sargocentron sp","UNKNOWN","Sargocentron","Holocentridae","Soldierfish","MI","SECONDARY"
"403","CAVA","Canthigaster valentini","Valentinni's sharpnosepuffer","Canthigaster","Tetraodontidae","Pufferfish","H","PRIMARY"
"404","LEHA","Lethrinus harak","Thumbprint emperor","Lethrinus","Lethrinidae","Emperor","MI","SECONDARY"
"405","SCGH","Scarus ghobban","Blue-barred parrotfish","Scarus","Scaridae","Parrotfish","H","PRIMARY"
"406","PLAL","Plectropomus areolatus","Squaretail coralgrouper","Plectropomus","Serranidae","Grouper","Pisc","PISCIVORE"
"407","NEOP","Neoniphon opercularis","Blackfin squirrelfish","Neoniphon","Holocentridae","Soldierfish","MI","SECONDARY"
"408","STTR","Stethojulis trilineata","Fourline wrasse","Stethojulis","Labridae","Wrasse","MI","SECONDARY"
"409","GYJA","Gymnothorax javanicus","Giant moray","Gymnothorax","Muraenidae","Moray","Pisc","PISCIVORE"
"410","CHBE","Chaetodon bennetti","Bluelashed butterflyfish","Chaetodon","Chaetodontidae","Butterflyfish","MI","SECONDARY"
"411","OSCU","Ostracion cubicus","Yellow boxfish","Ostracion","Ostraciidae","Boxfish","H","PRIMARY"
"412","DIHY","Diodon hystrix","Spot-fin porcupinefish","Diodon","Diodontidae","Porcupinefish","MI","SECONDARY"
"413","CASE","Caranx sexfasciatus","Bigeye trevally","Caranx","Carangidae","Jack","Pisc","PISCIVORE"
"414","PLPI","Plectorhinchus picus","Painted sweetlip","Plectorhinchus","Haemulidae","Grunt","MI","SECONDARY"
"415","POPU","Pogonoperca punctata","Spotted soapfish","Pogonoperca","Serranidae","Grouper","Pisc","PISCIVORE"
"416","NEAR","Neocirrhites armatus","Flame hawkfish","Neocirrhites","Cirrhitidae","Hawkfish","MI","SECONDARY"
"417","ABSP","Abudefduf septemfasciatus","Banded sergeant","Abudefduf","Pomacentridae","Damselfish","H","PRIMARY"
"418","EPHO","Epinephelus howlandi","Blacksaddle grouper","Epinephelus","Serranidae","Grouper","Pisc","PISCIVORE"
"419","PAXA","Paracirrhites xanthus","Yellow hawkfish","Paracirrhites","Cirrhitidae","Hawkfish","MI","SECONDARY"
"420","CHCH","Chanos chanos","Milkfish","Chanos","Chanidae","Milkfish","H","PRIMARY"
"421","CIHU","Cirrhitops hubbardi","Whitespotted hawkfish","Cirrhitops","Cirrhitidae","Hawkfish","MI","SECONDARY"
"422","PSDI","Pseudanthias dispar","Peach fairy basslet","Pseudanthias","Serranidae","Anthias","Pk","PLANKTIVORE"
"423","BOPR","Bodianus prognathus","Longnose hogfish","Bodianus","Labridae","Wrasse","MI","SECONDARY"
"424","PEMA","Pervagor marginalis","Blackmargin filefish","Pervagor","Monacanthidae","Filefish","Om","SECONDARY"
"425","MYMU","Myripristis murdjan","Pinecone soldierfish","Myripristis","Holocentridae","Soldierfish","Pk","PLANKTIVORE"
"426","HILO","Hipposcarus longiceps","Pacific longnoseparrotfish","Hipposcarus","Scaridae","Parrotfish","H","PRIMARY"
"427","THSP","Thalassoma sp","UNKNOWN","Thalassoma","Labridae","Wrasse","MI","SECONDARY"
"428","ENPA","Enchelycore pardalis","Leopard moray eel","Enchelycore","Muraenidae","Moray","Pisc","PISCIVORE"
"429","HAMM","Sphyrnidae","Hammerhead species","UNKNOWN","Sphyrnidae","Hammerhead","Pisc","PISCIVORE"
"430","MYWO","Myripristis woodsi","Whitespot soldierfish","Myripristis","Holocentridae","Soldierfish","Pk","PLANKTIVORE"
"431","CHPU","Chaetodon punctatofasciatus","Spotband butterflyfish","Chaetodon","Chaetodontidae","Butterflyfish","MI","SECONDARY"
"432","ECMI","Ecsenius midas","Persian blenny","Ecsenius","Blenniidae","Blenny","Pk","PLANKTIVORE"
"433","THLN","Thalassoma lunare","Moon wrasse","Thalassoma","Labridae","Wrasse","Pk","PLANKTIVORE"
"434","LEXA","Lethrinus xanthochilus","Yellowlip emperor","Lethrinus","Lethrinidae","Emperor","Pisc","PISCIVORE"
"435","PSPY","Pseudojuloides polynesica","Polynesian Pencil Wrasse","Pseudojuloides","Labridae","Wrasse","MI","SECONDARY"
"436","PLOR","Platax orbicularis","Orbicular batfish","Platax","Ephippidae","Spadefish","Om","SECONDARY"
"437","FILE","Monacanthidae","UNKNOWN","UNKNOWN","Monacanthidae","Filefish","H","PRIMARY"
"438","SCFE","Scarus festivus","Festive parrotfish","Scarus","Scaridae","Parrotfish","H","PRIMARY"
"439","CHLE","Chromis lepidolepis","Scaly chromis","Chromis","Pomacentridae","Damselfish","Pk","PLANKTIVORE"
"440","NEED","Belonidae","UNKNOWN","UNKNOWN","Belonidae","Needlefish","Pisc","PISCIVORE"
"441","LERU","Lethrinus rubrioperculatus","Spotcheek emperor","Lethrinus","Lethrinidae","Emperor","MI","SECONDARY"
"442","ANSP","Anampses sp","UNKNOWN","Anampses","Labridae","Wrasse","MI","SECONDARY"
"443","CESS","Cephalopholis sp","UNKNOWN","Cephalopholis","Serranidae","Grouper","Pisc","PISCIVORE"
"444","PESP","Pervagor spilosoma","Fantail filefish","Pervagor","Monacanthidae","Filefish","Om","SECONDARY"
"445","COVE","Coris venusta","Elegant coris","Coris","Labridae","Wrasse","MI","SECONDARY"
"446","CIFA","Cirrhitops fasciatus","Redbarred hawkfish","Cirrhitops","Cirrhitidae","Hawkfish","MI","SECONDARY"
"447","PLGO","Plagiotremus goslinei","Biting blenny","Plagiotremus","Blenniidae","Blenny","MI","SECONDARY"
"448","CHOV","Chromis ovalis","Hawaiian chromis","Chromis","Pomacentridae","Damselfish","Pk","PLANKTIVORE"
"449","CHFR","Chaetodon fremblii","Bluestriped butterflyfish","Chaetodon","Chaetodontidae","Butterflyfish","SI","SECONDARY"
"450","CHHA","Chromis hanui","Hawaiian bicolor chromis","Chromis","Pomacentridae","Damselfish","Pk","PLANKTIVORE"
"451","PLEW","Plagiotremus ewaensis","Ewa blenny","Plagiotremus","Blenniidae","Blenny","MI","SECONDARY"
"452","CHMI","Chaetodon miliaris","Millet butterflyfish","Chaetodon","Chaetodontidae","Butterflyfish","Pk","PLANKTIVORE"
"453","STMA","Stegastes marginatus","Hawaiian gregory","Stegastes","Pomacentridae","Damselfish","H","PRIMARY"
"454","PASC","Parapercis schauinslandii","Redspotted sandperch","Parapercis","Pinguipedidae","Sandperch","MI","SECONDARY"
"455","ACDU","Acanthurus dussumieri","Eyestripe surgeonfish","Acanthurus","Acanthuridae","Surgeonfish","H","PRIMARY"
"456","ANCH","Anampses chrysocephalus","Red tail wrasse","Anampses","Labridae","Wrasse","MI","SECONDARY"
"457","ANCU","Anampses cuvier","Pearl wrasse","Anampses","Labridae","Wrasse","MI","SECONDARY"
"458","ACLE","Acanthurus leucopareius","Whitebar surgeonfish","Acanthurus","Acanthuridae","Surgeonfish","H","PRIMARY"
"459","COFL","Coris flavovittata","Yellowstripe coris","Coris","Labridae","Wrasse","MI","SECONDARY"
"460","APAR","Apolemichthys arcuatus","Banded angelfish","Apolemichthys","Pomacanthidae","Angelfish","SI","SECONDARY"
"461","PRME","Priacanthus meeki","Hawaiian bigeye","Priacanthus","Priacanthidae","Bigeye","Pk","PLANKTIVORE"
"462","COBA","Coris ballieui","UNKNOWN","Coris","Labridae","Wrasse","MI","SECONDARY"
"463","PSTH","Pseudanthias thompsoni","Hawaiian anthias","Pseudanthias","Serranidae","Anthias","Pk","PLANKTIVORE"
"464","HEDI","Heniochus diphreutes","False moorish idol","Heniochus","Chaetodontidae","Butterflyfish","Pk","PLANKTIVORE"
"465","CAZO","Calotomus zonarchus","Yellowbar parrot","Calotomus","Scaridae","Parrotfish","H","PRIMARY"
"466","CACO","Canthigaster coronata","Crowned puffer","Canthigaster","Tetraodontidae","Pufferfish","H","PRIMARY"
"467","CAVE","Cantherhines verecundus","Shy filefish","Cantherhines","Monacanthidae","Filefish","H","PRIMARY"
"468","CAGA","Carcharhinus galapagensis","Galapagos shark","Carcharhinus","Carcharhinidae","Requiem","Pisc","PISCIVORE"
"469","OPPU","Oplegnathus punctatus","Spotted knifejaw","Oplegnathus","Oplegnathidae","Knifejaw","MI","SECONDARY"
"470","ENPU","Encrasicholina purpurea","Hawaiian anchovy","Encrasicholina","Engraulidae","Anchovy","Pk","PLANKTIVORE"
"471","CIJO","Cirrhilabrus jordani","Flame wrasse","Cirrhilabrus","Labridae","Wrasse","Pk","PLANKTIVORE"
"472","PACH","Parupeneus chrysonemus","Yellowbarbel goatfish","Parupeneus","Mullidae","Goatfish","MI","SECONDARY"
"473","TYCR","Tylosurus crocodilus","Houndneedlefish","Tylosurus","Belonidae","Needlefish","Pisc","PISCIVORE"
"474","GEPE","Genicanthus personatus","Masked angelfish","Genicanthus","Pomacanthidae","Angelfish","Pk","PLANKTIVORE"
"475","PAPO","Parupeneus porphyreus","Whitesaddle goatfish","Parupeneus","Mullidae","Goatfish","MI","SECONDARY"
"476","SCDI","Scorpaenopsis diabolus","False stonefish","Scorpaenopsis","Scorpaenidae","Scorpionfish","Pisc","PISCIVORE"
"477","CYLE","Cymolutes lecluse","Sharp-headed wrasse","Cymolutes","Labridae","Wrasse","MI","SECONDARY"
"478","DIHO","Diodon holocanthus","Long-spine porcupinefish","Diodon","Diodontidae","Porcupinefish","MI","SECONDARY"
"479","CHVI","Cheilodactylus vittatus","Hawaiian morwong","Goniistius","Cheilodactylidae","Morwong","SI","SECONDARY"
"480","PRKA","Pristiapogon kallopterus","Iridescent cardinalfish","Apogon","Apogonidae","Cardinalfish","Pk","PLANKTIVORE"
"481","PTSP","Pterois sphex","Hawaiian turkeyfish","Pterois","Scorpaenidae","Scorpionfish","Pisc","PISCIVORE"
"482","PLAR","Platybelone argalus","Keeltail needlefish","Platybelone","Belonidae","Needlefish","Pisc","PISCIVORE"
"483","PSHW","Pseudanthias hawaiiensis","Longfin anthias","Pseudanthias","Serranidae","Anthias","Pk","PLANKTIVORE"
"484","XAME","Xanthichthys mento","Redtail triggerfish","Xanthichthys","Balistidae","Triggerfish","Pk","PLANKTIVORE"
"485","CEIN","Centropyge interrupta","Japanese angelfish","Centropyge","Pomacanthidae","Angelfish","H","PRIMARY"
"486","PSBI","Pseudanthias bicolor","Bicolor anthias","Pseudanthias","Serranidae","Anthias","Pk","PLANKTIVORE"
"487","GUCU","Gunnellichthys curiosus","Curious wormfish","Gunnellichthys","Microdesmidae","Wormfish","Pk","PLANKTIVORE"
"488","PLSI","Plectroglyphidodon sindonis","Rock damselfish","Plectroglyphidodon","Pomacentridae","Damselfish","H","PRIMARY"
"489","CIOB","Cirripectes obscurus","Gargantuan blenny","Cirripectes","Blenniidae","Blenny","H","PRIMARY"
"490","NONE","no individuals seen","UNKNOWN","UNKNOWN","UNKNOWN","UNKNOWN","X","UNKNOWN"
"491","SAXA","Sargocentron xantherythrum","Hawaiian squirrelfish","Sargocentron","Holocentridae","Soldierfish","MI","SECONDARY"
"492","TRIG","Balistidae","Triggerfish species","UNKNOWN","Balistidae","Triggerfish","MI","SECONDARY"
"493","BAPO","Balistes polylepis","Finescale triggerfish","Balistes","Balistidae","Triggerfish","MI","SECONDARY"
"494","OXTY","Oxycirrhites typus","Longnose hawkfish","Oxycirrhites","Cirrhitidae","Hawkfish","Pk","PLANKTIVORE"
"495","CHIN","Cheilio inermis","Cigar wrasse","Cheilio","Labridae","Wrasse","MI","SECONDARY"
"496","KUSA","Kuhlia sandvicensis","Hawaiian flagtail","Kuhlia","Kuhliidae","Aholehole","Pk","PLANKTIVORE"
"497","INPA","Iniistius pavo","Peacock wrasse","Iniistius","Labridae","Wrasse","MI","SECONDARY"
"498","MUPF","Mulloidichthys pfluegeri","Orange goatfish","Mulloidichthys","Mullidae","Goatfish","MI","SECONDARY"
"499","INUM","Iniistius umbrilatus","Razor wrasse fish","Iniistius","Labridae","Wrasse","MI","SECONDARY"
"500","SECO","Sebastapistes coniorta","Humpback nohu","Sebastapistes","Scorpaenidae","Scorpionfish","MI","SECONDARY"
"501","CATY","Caracanthus typicus","Hawaiian orbicularvelvetfish","Caracanthus","Caracanthidae","Velvetfish","MI","SECONDARY"
"502","PUFF","Tetraodontidae","UNKNOWN","UNKNOWN","Tetraodontidae","Pufferfish","MI","SECONDARY"
"503","SCPP","Scorpaenopsis sp","UNKNOWN","Scorpaenopsis","Scorpaenidae","Scorpionfish","Pisc","PISCIVORE"
"504","GYZE","Gymnomuraena zebra","Zebra moray","Gymnomuraena","Muraenidae","Moray","MI","SECONDARY"
"505","PTAN","Pterois antennata","Broadbarred firefish","Pterois","Scorpaenidae","Scorpionfish","MI","SECONDARY"
"506","TRBA","Trachinotus baillonii","Smallspotted dart","Trachinotus","Carangidae","Jack","Pisc","PISCIVORE"
"507","PSAT","Pseudojuloides atavai","Polynesianwrasse","Pseudojuloides","Labridae","Wrasse","MI","SECONDARY"
"508","LAPE","Labroides pectoralis","Blackspot cleaner wrasse","Labroides","Labridae","Wrasse","MI","SECONDARY"
"509","BOAN","Bodianus anthioides","Lyretail hogfish","Bodianus","Labridae","Wrasse","Pk","PLANKTIVORE"
"510","CHTY","Chrysiptera traceyi","Tracey's demoiselle","Chrysiptera","Pomacentridae","Damselfish","H","PRIMARY"
"511","CESH","Centropyge shepardi","Mango angelfish","Centropyge","Pomacanthidae","Angelfish","H","PRIMARY"
"512","SCLI","Scolopsis lineata","Striped monocle bream","Scolopsis","Nemipteridae","Threadfin","Om","SECONDARY"
"513","POGU","Pomachromis guamensis","Guam damsel","Pomachromis","Pomacentridae","Damselfish","Pk","PLANKTIVORE"
"514","CIKA","Cirrhilabrus katherinae","Katherine's wrasse","Cirrhilabrus","Labridae","Wrasse","Pk","PLANKTIVORE"
"515","AMCL","Amphiprion clarkii","Yellowtail clownfish","Amphiprion","Pomacentridae","Damselfish","Pk","PLANKTIVORE"
"516","PTMI","Ptereleotris microlepis","Blue gudgeon","Ptereleotris","Ptereleotridae","Dartfish","Pk","PLANKTIVORE"
"517","CHMD","Cheilodipterus macrodon","Large toothed cardinalfish","Cheilodipterus","Apogonidae","Cardinalfish","Pisc","PISCIVORE"
"518","GROU","Serranidae","UNKNOWN","UNKNOWN","Serranidae","Grouper","Pisc","PISCIVORE"
"519","ACNU","Acanthurus nubilus","Bluelinedsurgeon","Acanthurus","Acanthuridae","Surgeonfish","Pk","PLANKTIVORE"
"520","KYVA","Kyphosus vaigiensis","Brassy chub","Kyphosus","Kyphosidae","Chub","H","PRIMARY"
"521","SPDE","Spratelloides delicatulus","Delicate round herring","Spratelloides","Clupeidae","Herring etc","Pk","PLANKTIVORE"
"522","NEHE","Nemateleotris helfrichi","Helfrich's dartfish","Nemateleotris","Microdesmidae","Dartfish","Pk","PLANKTIVORE"
"523","CESO","Cephalopholis sonnerati","Tomato hind","Cephalopholis","Serranidae","Grouper","Pisc","PISCIVORE"
"524","BUTT","Chaetodontidae","UNKNOWN","UNKNOWN","Chaetodontidae","Butterflyfish","Cor","SECONDARY"
"525","BOBI","Bodianus bilunulatus","Tarry hogfish","Bodianus","Labridae","Wrasse","MI","SECONDARY"
"526","PEJA","Pervagor janthinosoma","Blackbar filefish","Pervagor","Monacanthidae","Filefish","Om","SECONDARY"
"527","ECOP","Ecsenius opsifrontalis","Comical blenny","Ecsenius","Blenniidae","Blenny","Pk","PLANKTIVORE"
"528","EPMA","Epinephelus maculatus","Highfin grouper","Epinephelus","Serranidae","Grouper","Pisc","PISCIVORE"
"529","ARST","Arothron stellatus","Starry toadfish","Arothron","Tetraodontidae","Pufferfish","Cor","SECONDARY"
"530","DART","Microdesmidae","UNKNOWN","UNKNOWN","Microdesmidae","Wormfish","Pk","PLANKTIVORE"
"531","DASY","Dasyatidae","Stingray species","UNKNOWN","Dasyatidae","Stingray","MI","SECONDARY"
"532","TAME","Taeniurops meyeni","Blotched fantail ray","Taeniura","Dasyatidae","Stingray","MI","SECONDARY"
"533","NEFE","Nebrius ferrugineus","Tawny nurse shark","Nebrius","Ginglymostomatidae","Nurse","Pisc","PISCIVORE"
"534","SYBI","Synodus binotatus","Two-spot lizard fish","Synodus","Synodontidae","Lizardfishes","Pisc","PISCIVORE"
"535","PSYA","Pseudocoris yamashiroi","Redspot wrasse","Pseudocoris","Labridae","Wrasse","Pk","PLANKTIVORE"
"536","CHFL","Chaetodon flavocoronatus","Yellow-crowned butterflyfish","Chaetodon","Chaetodontidae","Butterflyfish","Cor","SECONDARY"
"537","OSNO","Ostorhinchus novemfasciatus","Sevenstriped cardinalfish","Apogon","Apogonidae","Cardinalfish","Pk","PLANKTIVORE"
"538","PAMT","Paracentropyge multifasciata","Barred angelfish","Centropyge","Pomacanthidae","Angelfish","MI","SECONDARY"
"539","BIGE","Priacanthus sp","UNKNOWN","Priacanthus","Priacanthidae","Bigeye","Pk","PLANKTIVORE"
"540","GEWA","Genicanthus watanabei","Blackedged angelfish","Genicanthus","Pomacanthidae","Angelfish","Pk","PLANKTIVORE"
"541","HOAN","Hologymnosus annulatus","Ring wrasse","Hologymnosus","Labridae","Wrasse","MI","SECONDARY"
"542","OSAP","Ostorhinchus apogonoides","Short-tooth cardinal","Apogon","Apogonidae","Cardinalfish","Pk","PLANKTIVORE"
"543","CODO","Coris dorsomacula","Palebarred coris","Coris","Labridae","Wrasse","MI","SECONDARY"
"544","CHAR","Cheilodipterus artus","Wolf cardinalfish","Cheilodipterus","Apogonidae","Cardinalfish","MI","SECONDARY"
"545","CALN","Caesio lunaris","Lunar fusilier","Caesio","Caesionidae","Fusilier","Pk","PLANKTIVORE"
"546","AMFA","Amblyeleotris fasciata","Red-banded/Barred shrimpgoby","Amblyeleotris","Gobiidae","Goby","Pk","PLANKTIVORE"
"547","GRSE","Grammistes sexlineatus","Sixline soapfish","Grammistes","Serranidae","Grouper","MI","SECONDARY"
"548","CHAL","Chromis alpha","Yellow-speckled chromis","Chromis","Pomacentridae","Damselfish","Pk","PLANKTIVORE"
"549","BLCH","Blenniella chrysospilos","Red-spotted blenny","Blenniella","Blenniidae","Blenny","Pk","PLANKTIVORE"
"550","GRBI","Grammatorcynus bilineatus","Double-lined mackerel","Grammatorcynus","Scombridae","Mackerel","Pisc","PISCIVORE"
"551","PLLE","Plectroglyphidodon leucozonus","Singlebar devil","Plectroglyphidodon","Pomacentridae","Damselfish","H","PRIMARY"
"552","SCFU","Scarus fuscocaudalis","Darktail parrotfish","Scarus","Scaridae","Parrotfish","H","PRIMARY"
"553","CLSP","Chlorurus sp","UNKNOWN","Chlorurus","Scaridae","Parrotfish","H","PRIMARY"
"554","SISI","Siganus spinus","Little spinefoot","Siganus","Siganidae","Rabbitfish","H","PRIMARY"
"555","CAEP","Canthigaster epilampra","Lantern toby","Canthigaster","Tetraodontidae","Pufferfish","H","PRIMARY"
"556","EVSP","Eviota sp","UNKNOWN","Eviota","Gobiidae","Goby","MI","SECONDARY"
"557","PRFR","Pristiapogon fraenatus","Bridled cardinalfish","Apogon","Apogonidae","Cardinalfish","Pk","PLANKTIVORE"
"558","AMCU","Amblyglyphidodon curacao","Staghorn damselfish","Amblyglyphidodon","Pomacentridae","Damselfish","Om","SECONDARY"
"559","PERV","Pervagor sp","UNKNOWN","Pervagor","Monacanthidae","Filefish","Om","SECONDARY"
"560","HOST","Hoplolatilus starcki","Bluehead tilefish","Hoplolatilus","Malacanthidae","Tilefish","MI","SECONDARY"
"561","CASP","Caranx sp","UNKNOWN","Caranx","Carangidae","Jack","Pisc","PISCIVORE"
"562","BECH","Belonoperca chabanaudi","Arrowhead soapfish","Belonoperca","Serranidae","Grouper","MI","SECONDARY"
"563","AMBI","Amblycirrhitus bimacula","Twospot hawkfish","Amblycirrhitus","Cirrhitidae","Hawkfish","MI","SECONDARY"
"564","SYVA","Synodus variegatus","Variegated lizardfish","Synodus","Synodontidae","Lizardfishes","Pisc","PISCIVORE"
"565","PTEN","Pteragogus enneacanthus","Cockerel wrasse","Pteragogus","Labridae","Wrasse","MI","SECONDARY"
"566","PAPR","Paraluteres prionurus","Blacksaddle filefish","Paraluteres","Monacanthidae","Filefish","MI","SECONDARY"
"567","CAPP","Caranx papuensis","Brassy trevally","Caranx","Carangidae","Jack","Pisc","PISCIVORE"
"568","SIPN","Siganus punctatus","Goldspotted spinefoot","Siganus","Siganidae","Rabbitfish","H","PRIMARY"
"569","KYHA","Kyphosus hawaiiensis","Hawaiian chub","Kyphosus","Kyphosidae","Chub","H","PRIMARY"
"570","KYSA","Kyphosus sandwicensis","Pacific chub","Kyphosus","Kyphosidae","Chub","H","PRIMARY"
"571","THDQ","Thalassoma duperrey/quinquevittatum hybrid","Saddle/Fivestripe hybrid","Thalassoma","Labridae","Wrasse","MI","SECONDARY"
"572","MOSP","Mobula sp.","Manta","Mobula","Myliobatidae","Manta","Pk","PLANKTIVORE"
"573","SYUL","Synodus ulae","Red lizard fish","Synodus","Synodontidae","Lizardfishes","Pisc","PISCIVORE"
"574","SYDE","Synodus dermatogenys","Sand lizardfish","Synodus","Synodontidae","Lizardfishes","Pisc","PISCIVORE"
"575","MYCH","Myripristis chryseres","Yellowfin soldierfish","Myripristis","Holocentridae","Soldierfish","Pk","PLANKTIVORE"
"576","NEAU","Neoniphon aurolineatus","Yellowstriped squirrelfish","Neoniphon","Holocentridae","Soldierfish","MI","SECONDARY"
"577","NAMA","Naso maculatus","Spotted unicornfish","Naso","Acanthuridae","Surgeonfish","Pk","PLANKTIVORE"
"578","OPFA","Oplegnathus fasciatus","Barred knifejaw","Oplegnathus","Oplegnathidae","Knifejaw","MI","SECONDARY"
"579","SAEN","Sargocentron ensifer","Yellow-stripedsquirrelfish","Sargocentron","Holocentridae","Soldierfish","MI","SECONDARY"
"580","GYEU","Gymnothorax eurostus","Abbott's moray eel","Gymnothorax","Muraenidae","Moray","MI","SECONDARY"
"581","BRMU","Brotula multibarbata","Goatsbeard brotula","Brotula","Ophidiidae","Cusk Eel","MI","SECONDARY"
"582","SCCA","Scorpaenopsis cacopsis","Titan scorpionfish","Scorpaenopsis","Scorpaenidae","Scorpionfish","Pisc","PISCIVORE"
"583","FUDU","Fusigobius duospilus","Barenape goby","Fusigobius","Gobiidae","Goby","MI","SECONDARY"
"584","MORA","Muraenidae","UNKNOWN","UNKNOWN","Muraenidae","Moray","Pisc","PISCIVORE"
"585","EUAF","Euthynnus affinis","Kawakawa","Euthynnus","Scombridae","Tuna","Pisc","PISCIVORE"
"586","DEBA","Dendrochirus barberi","Hawaiian lionfish","Dendrochirus","Scorpaenidae","Scorpionfish","MI","SECONDARY"
"587","PSAU","Pseudocoris aurantiofasciata","Rust-bandedwrasse","Pseudocoris","Labridae","Wrasse","MI","SECONDARY"
"588","POPH","Pomacentrus philippinus","Philippine damsel","Pomacentrus","Pomacentridae","Damselfish","Pk","PLANKTIVORE"
"589","EMPE","Lethrinidae","UNKNOWN","UNKNOWN","Lethrinidae","Emperor","MI","SECONDARY"
"590","CIST","Cirripectes stigmaticus","Red-streaked blenny","Cirripectes","Blenniidae","Blenny","H","PRIMARY"
"591","PACR","Parupeneus crassilabris","Doublebar goatfish","Parupeneus","Mullidae","Goatfish","MI","SECONDARY"
"592","CHCY","Chrysiptera cyanea","Sapphire devil","Chrysiptera","Pomacentridae","Damselfish","Pk","PLANKTIVORE"
"593","VAAL","Variola albimarginata","White-edged lyretail","Variola","Serranidae","Grouper","Pisc","PISCIVORE"
"594","UPTA","Upeneus taeniopterus","Finstripe goatfish","Upeneus","Mullidae","Goatfish","MI","SECONDARY"
"595","ARMA","Arothron mappa","Map puffer","Arothron","Tetraodontidae","Pufferfish","Om","SECONDARY"
"596","CHJO","Choerodon jordani","Blackwedge tuskfish","Choerodon","Labridae","Wrasse","Om","SECONDARY"
"597","HYAC","Hyporhamphus acutus acutus","Pacific halfbeak","Hyporhamphus","Hemiramphidae","Halfbeak","Pk","PLANKTIVORE"
"598","STLI","Stegastes lividus","Blunt snout gregory","Stegastes","Pomacentridae","Damselfish","H","PRIMARY"
"599","PLGI","Plectorhinchus gibbosus","Harry hotlips","Plectorhinchus","Haemulidae","Grunt","MI","SECONDARY"
"600","SPLE","Sphyrna lewini","Scalloped hammerhead","Sphyrna","Sphyrnidae","Hammerhead","Pisc","PISCIVORE"
"601","THAL","Thunnus albacares","Yellowfin tuna","Thunnus","Scombridae","Tuna","Pisc","PISCIVORE"
"602","ACAN","Acanthurus achillesXnigricans hybrid= rackliffei","UNKNOWN","Acanthurus","Acanthuridae","Surgeonfish","H","PRIMARY"
"603","SECY","Sebastapistes cyanostigma","Yellowspotted scorpionfish","Sebastapistes","Scorpaenidae","Scorpionfish","MI","SECONDARY"
"604","GRTU","Chelonia mydas","Green turtle","Chelonia","Cheloniidae","Turtle","H","PRIMARY"
"605","OSMA","Ostorhinchus maculiferus","Spotted cardinalfish","Apogon","Apogonidae","Cardinalfish","Pk","PLANKTIVORE"
"606","TURT","Chelonia sp","UNKNOWN","Chelonia","Cheloniidae","Turtle","X","UNKNOWN"
"607","CHLC","Chromis leucura","Whitetail chromis","Chromis","Pomacentridae","Damselfish","Pk","PLANKTIVORE"
"608","LAFO","Lactoria fornasini","Thornback cowfish","Lactoria","Ostraciidae","Boxfish","SI","SECONDARY"
"609","GYMT","Gymnothorax melatremus","Dwarf moray","Gymnothorax","Muraenidae","Moray","MI","SECONDARY"
"610","PSSP","Pseudojuloides sp","UNKNOWN","Pseudojuloides","Labridae","Wrasse","MI","SECONDARY"
"611","CARI","Canthigaster rivulata","Brown-lined puffer","Canthigaster","Tetraodontidae","Pufferfish","H","PRIMARY"
"612","CHTI","Chaetodon tinkeri","Hawaiian butterflyfish","Chaetodon","Chaetodontidae","Butterflyfish","SI","SECONDARY"
"613","SAFL","Saurida flamma","Orangemouth lizardfish","Saurida","Synodontidae","Lizardfishes","Pisc","PISCIVORE"
"614","GYST","Gymnothorax steindachneri","Steindachner's moray eel","Gymnothorax","Muraenidae","Moray","Pisc","PISCIVORE"
"615","SAOR","Sarda orientalis","Striped bonito","UNKNOWN","Scombridae","Tuna","Pisc","PISCIVORE"
"616","CONG","Congridae","Conger eel species","UNKNOWN","Congridae","Conger or Garden Eel","Pisc","PISCIVORE"
"617","BOMU","Bolbometopon muricatum","Green humphead parrotfish","Bolbometopon","Scaridae","Parrotfish","Cor","SECONDARY"
"618","PSOT","Pseudocheilinus ocellatus","Whitebarred wrasse","Pseudocheilinus","Labridae","Wrasse","MI","SECONDARY"
"619","PLTE","Platax teira","Tiera batfish","Platax","Ephippidae","Spadefish","Om","SECONDARY"
"620","PTCR","Pteragogus cryptus","Cryptic wrasse","Pteragogus","Labridae","Wrasse","MI","SECONDARY"
"621","JACK","Carangidae","UNKNOWN","UNKNOWN","Carangidae","Jack","Pisc","PISCIVORE"
"622","RABB","Siganidae","UNKNOWN","UNKNOWN","Siganidae","Rabbitfish","H","PRIMARY"
"623","TUNA","Scombridae","Tuna species","UNKNOWN","Scombridae","Tuna","Pisc","PISCIVORE"
"624","PSFU","Pseudobalistes fuscus","Yellow-spotted triggerfish","Pseudobalistes","Balistidae","Triggerfish","MI","SECONDARY"
"625","AMGU","Amblyeleotris guttata","Spotted prawn-goby","Amblyeleotris","Gobiidae","Goby","Pk","PLANKTIVORE"
"626","GARD","Heterocongrinae","Garden eel species","UNKNOWN","Congridae","Conger or Garden Eel","Pisc","PISCIVORE"
"627","ACSO","Acanthocybium solandri","Wahoo","Acanthocybium","Scombridae","Mackerel","Pisc","PISCIVORE"
"628","PEME","Pervagor melanocephalus","Redtail filefish","Pervagor","Monacanthidae","Filefish","Om","SECONDARY"
"629","PSDE","Pseudocaranx dentex","White trevally","Pseudocaranx","Carangidae","Jack","Pisc","PISCIVORE"
"630","HYQU","Hyporthodus quernus","Hawaiian grouper","Epinephelus","Serranidae","Grouper","Pisc","PISCIVORE"
"631","MYMA","Myrichthys magnificus","Magnificent snake eel","Myrichthys","Ophichthidae","Worm or Snake Eel","MI","SECONDARY"
"632","MACO","Macolor sp","UNKNOWN","Macolor","Lutjanidae","Snapper","Pk","PLANKTIVORE"
"633","PLAB","Plectorhinchus albovittatus","Two-striped sweetlips","Plectorhinchus","Haemulidae","Grunt","MI","SECONDARY"
"634","CEFV","Centropyge flavissima x vroliki hybrid","UNKNOWN","Centropyge","Pomacanthidae","Angelfish","H","PRIMARY"
"635","SISP","Siphamia sp","UNKNOWN","Siphamia","Apogonidae","Cardinalfish","Pk","PLANKTIVORE"
"636","SWEE","Pempheridae","UNKNOWN","UNKNOWN","Pempheridae","Sweeper","Pk","PLANKTIVORE"
"637","ENCA","Enchelynassa canina","Viper moray","Enchelynassa","Muraenidae","Moray","Pisc","PISCIVORE"
"638","GYRU","Gymnothorax rueppelliae","Banded moray","Gymnothorax","Muraenidae","Moray","MI","SECONDARY"
"639","SCTI","Scuticaria tigrina","Tiger reef-eel","Scuticaria","Muraenidae","Moray","Pisc","PISCIVORE"
"640","TATR","Taenianotus triacanthus","Leaf scorpionfish","Taenianotus","Scorpaenidae","Scorpionfish","Pisc","PISCIVORE"
"641","MONK","Monachus schauinslandi","Monk seal","Monachus","Phocidae","Monk Seal","X","UNKNOWN"
"642","SEBA","Sebastapistes ballieui","Spotfin scorpionfish","Sebastapistes","Scorpaenidae","Scorpionfish","MI","SECONDARY"
"643","BALA","Bathytoshia lata","Broad stingray","Dasyatis","Dasyatidae","Stingray","MI","SECONDARY"
"644","ECNA","Echeneis naucrates","Live sharksucker","Echeneis","Echeneidae","Remora","Pk","PLANKTIVORE"
"645","SOLD","Holocentridae","UNKNOWN","UNKNOWN","Holocentridae","Soldierfish","MI","SECONDARY"
"646","HAWK","Cirrhitidae","UNKNOWN","UNKNOWN","Cirrhitidae","Hawkfish","MI","SECONDARY"
"647","HEAC","Heniochus acuminatus","Pennant coralfish","Heniochus","Chaetodontidae","Butterflyfish","Pk","PLANKTIVORE"
"648","HACH","Halichoeres chrysus","Canary wrasse","Halichoeres","Labridae","Wrasse","MI","SECONDARY"
"649","HAML","Halichoeres melanurus","Tail-spot wrasse","Halichoeres","Labridae","Wrasse","MI","SECONDARY"
"650","PTTR","Pterocaesio trilineata","Three-stripe fusilier","Pterocaesio","Caesionidae","Fusilier","Pk","PLANKTIVORE"
"651","LEER","Lethrinus erythracanthus","Orange-spotted emperor","Lethrinus","Lethrinidae","Emperor","MI","SECONDARY"
"652","EPLA","Epinephelus lanceolatus","Giant grouper","Epinephelus","Serranidae","Grouper","Pisc","PISCIVORE"
"653","PAFA","Pateobatis fai","Pink whipray","Himantura","Dasyatidae","Stingray","MI","SECONDARY"
"654","OSLU","Ostorhinchus luteus","Yellow cardinalfish","Apogon","Apogonidae","Cardinalfish","Pk","PLANKTIVORE"
"655","CISR","Cirripectes springeri","Springer's blenny","Cirripectes","Blenniidae","Blenny","H","PRIMARY"
"656","SESP","Sebastapistes sp","UNKNOWN","Sebastapistes","Scorpaenidae","Scorpionfish","Pisc","PISCIVORE"
"657","MANE","Macropharyngodon negrosensis","Yellowspotted wrasse","Macropharyngodon","Labridae","Wrasse","MI","SECONDARY"
"658","LEAM","Lethrinus amboinensis","Ambon emperor","Lethrinus","Lethrinidae","Emperor","MI","SECONDARY"
"659","DOTT","Pseudochromis sp","UNKNOWN","Pseudochromis","Pseudochromidae","Dottyback","MI","SECONDARY"
"660","NATH","Naso thynnoides","Oneknife unicornfish","Naso","Acanthuridae","Surgeonfish","H","PRIMARY"
"661","NALO","Naso lopezi","Elongate unicornfish","Naso","Acanthuridae","Surgeonfish","Pk","PLANKTIVORE"
"662","ALCI","Alectis ciliaris","African pompano","Alectis","Carangidae","Jack","Pisc","PISCIVORE"
"663","SEOX","Sectator ocyurus","Bluestriped chub","Sectator","Kyphosidae","Chub","H","PRIMARY"
"664","TRBL","Trachinotus blochii","Snubnose pompano","Trachinotus","Carangidae","Jack","MI","SECONDARY"
"665","EPSO","Epinephelus socialis","Surge grouper","Epinephelus","Serranidae","Grouper","Pisc","PISCIVORE"
"666","PRHA","Priacanthus hamrur","Moontail bullseye","Priacanthus","Priacanthidae","Bigeye","Pk","PLANKTIVORE"
"667","BOSA","Bodianus sanguineus","Neon hogfish","UNKNOWN","Labridae","Wrasse","Om","SECONDARY"
"668","PONR","Pomacentrus nigriradiatus","Blackray damselfish","Pomacentrus","Pomacentridae","Damselfish","Pk","PLANKTIVORE"
"669","GYMI","Gymnocranius microdon","Blue-spotted Large-eye Bream","UNKNOWN","Lethrinidae  ","Emperor","MI","SECONDARY"
"670","PIPO","Pictichromis porphyreus","Magenta dottyback","Pictichromis","Pseudochromidae","Dottyback","MI","SECONDARY"
"671","WENI","Wetmorella nigropinnata","Sharpnose wrasse","Wetmorella","Labridae","Wrasse","MI","SECONDARY"
"672","DOLP","Delphinidae","Dolphin","UNKNOWN","Delphinidae","Dolphin","X","UNKNOWN"
"673","ABNO","Abudefduf notatus","Yellowtail sergeant","UNKNOWN","Pomacentridae","Damselfish","Pk","PLANKTIVORE"
"674","SAGR","Saurida gracilis","Gracile lizardfish","Saurida","Synodontidae","Lizardfishes","Pisc","PISCIVORE"
"675","KAPE","Katsuwonus pelamis","Skipjack tuna","Katsuwonus","Scombridae","Tuna","Pisc","PISCIVORE"
"676","ATIN","Atherinomorus insularum","Hawaiian Islandssilverside","Atherinomorus","Atherinidae","Silverside","Pk","PLANKTIVORE"
"677","EVAC","Evistias acutirostris","Striped boarfish","Evistias","Pentacerotidae","Armorhead","MI","SECONDARY"
"678","ISPL","Istiophorus platypterus","Indo-Pacific sailfish","UNKNOWN","Istiophoridae","Sailfish","Pisc","PISCIVORE"
"679","THJA","Thalassoma jansenii","Jansen's wrasses","UNKNOWN","Labridae","Wrasse","MI","SECONDARY"
"680","HKTU","Eretmochelys imbricata","Hawk bill turtle","Eretmochelys","Cheloniidae","Turtle","X","UNKNOWN"
"681","LUAR","Lutjanus argentimaculatus","Mangrove red snapper","UNKNOWN","Lutjanidae","Snapper","MI","SECONDARY"
"682","URGR","Urogymnus granulatus","Whitetail stingray","UNKNOWN","Dasyatidae","Stingray","MI","SECONDARY"
"683","SCCO","Scomberomorus commerson","Narrow-barred Spanish mackerel","Scomberomorus","Scombridae","Mackerel","Pisc","PISCIVORE"
"684","URAS","Urogymnus asperrimus","Porcupine ray","Urogymnus","Dasyatidae","Stingray","MI","SECONDARY"
"685","HAHA","Halichoeres hartzfeldii","Goldstripe wrasse","UNKNOWN","Labridae","Wrasse","MI","SECONDARY"
"686","FUSI","Caesionidae","UNKNOWN","UNKNOWN","Caesionidae","Fusilier","Pk","PLANKTIVORE"
"687","LAMI","Labropsis micronesica","Micronesian wrasse","Labropsis","Labridae","Wrasse","MI","SECONDARY"
"688","GACU","Galeocerdo cuvier","Tiger shark","Galeocerdo","Carcharhinidae","Requiem","Pisc","PISCIVORE"
"689","GETA","Genicanthus takeuchii","Swallowtail angelfish","UNKNOWN","Pomacanthidae","Angelfish","Pk","SECONDARY"
"690","POSE","Polydactylus sexfilis","Sixfinger threadfin","Polydactylus","Polynemidae","Threadfin","MI","SECONDARY"
"691","CALI","Carcharhinus limbatus","Blacktip Shark","UNKNOWN","Carcharhinidae","Requiem","Pisc","PISCIVORE"
"692","DRAG","Callionymidae","UNKNOWN","UNKNOWN","Callionymidae","Dragonet","MI","SECONDARY"
"693","PTLA","Pterocaesio lativittata","Wide-band fusilier","Pterocaesio","Caesionidae","Fusilier","Pk","PLANKTIVORE"
"694","CEML","Centropyge multicolor","Multicolor angelfish","Centropyge","Pomacanthidae","Angelfish","H","PRIMARY"
"695","PASE","Pastinachus sephen","Cowtail stingray","Pastinachus","Dasyatidae","Stingray","MI","SECONDARY"
"696","LEEY","Lethrinus erythropterus","Longfin emperor","Lethrinus","Lethrinidae","Emperor","MI","SECONDARY"
"697","GNSP","Gnathanodon speciosus","Golden trevally","Gnathanodon","Carangidae","Jack","Pisc","PISCIVORE"
"698","PSJA","Pseudochromis jamesi","Spot-tailed dottyback","Pseudochromis","Pseudochromidae","Dottyback","MI","SECONDARY"
"699","ISSP","Istigobius sp","UNKNOWN","Istigobius","Gobiidae","Goby","Pk","PLANKTIVORE"
"700","CITE","Cirrhilabrus temminckii","Threadfin wrasse","Cirrhilabrus","Labridae","Wrasse","MI","SECONDARY"
"701","CAMA","Canthidermis maculata","Spotted oceanic triggerfish","Canthidermis","Balistidae","Triggerfish","Pk","PLANKTIVORE"
"702","CYPR","Cymolutes praetextatus","Knifefish","Cymolutes","Labridae","Wrasse","MI","SECONDARY"
"703","CAAL","Carcharhinus albimarginatus","Silvertip shark","Carcharhinus","Carcharhinidae","Requiem","Pisc","PISCIVORE"
"704","SCCL","Scarus chameleon","Chameleon parrotfish","UNKNOWN","Scaridae","Parrotfish","H","PRIMARY"
"705","MOSE","Moolgarda seheli","Bluespot mullet","Moolgarda","Mugilidae","Mullet","Pk","PLANKTIVORE"
"706","HALF","Hemiramphidae","UNKNOWN","UNKNOWN","Hemiramphidae","Halfbeak","Pk","PLANKTIVORE"
"707","TORA","Torquigener randalli","Randall's pufferfish","UNKNOWN","Tetraodontidae","Pufferfish","MI","UNKNOWN"
"708","PSAR","Psenes arafurensis","Dusky driftfish","UNKNOWN","Nomeidae","Driftfishes","Pk","PLANKTIVORE"
"709","MABI","Manta birostris","Giant manta","Manta","Myliobatidae","Manta Ray","Pk","PLANKTIVORE"
"710","DOEX","Doryrhamphus excisus excisus","Bluestripe pipefish","Doryrhamphus","Syngnathidae","Pipefishes and seahorses","Pk","PLANKTIVORE"
"711","SAPU","Sargocentron punctatissimum","Speckled squirrelfish","Sargocentron","Holocentridae","Soldierfish","MI","SECONDARY"
"712","APKA","Apogon kallopterus","Iridescent cardinalfish","Apogon","Apogonidae","Cardinalfish","Pk","PLANKTIVORE"
"713","SHAR","Carcharhinidae","UNKNOWN","UNKNOWN","Carcharhinidae","Requiem","Pisc","PISCIVORE"
